attribute,age_group,gender_group,cohort,item_id,delta,source,destination,active_waveform_score,active_waveform_shift,active_ranker_shift,source_cosine
age,young_20s,male,20s M,GLOBE::train::S_020558::00123229_000000.v2.vad,-2.0,/data/waris/code/TVTSynCtrl/results/relgan_raft_hnr_fixed_ablation_paper_v2/20260622_114538/hnr_fixed_full_hybrid_paper_v2_20260622_114538/audio/audio_eval/audio/0267_GLOBE__train__S_020558__00123229_000000_v2_vad_age_-2.00.wav,audio/age/young_20s_male/age_m2p0.wav,0.2119436264038086,-0.2118193209171295,-0.4112244844436645,0.6176917552947998
age,young_20s,male,20s M,GLOBE::train::S_020558::00123229_000000.v2.vad,-1.0,/data/waris/code/TVTSynCtrl/results/relgan_raft_hnr_fixed_ablation_paper_v2/20260622_114538/hnr_fixed_full_hybrid_paper_v2_20260622_114538/audio/audio_eval/audio/0267_GLOBE__train__S_020558__00123229_000000_v2_vad_age_-1.00.wav,audio/age/young_20s_male/age_m1p0.wav,0.275751382112503,-0.148011565208435,-0.4112244844436645,0.6631366014480591
age,young_20s,male,20s M,GLOBE::train::S_020558::00123229_000000.v2.vad,0.0,/data/waris/code/TVTSynCtrl/results/relgan_raft_hnr_fixed_ablation_paper_v2/20260622_114538/hnr_fixed_full_hybrid_paper_v2_20260622_114538/audio/audio_eval/audio/0267_GLOBE__train__S_020558__00123229_000000_v2_vad_age_+0.00.wav,audio/age/young_20s_male/age_p0p0.wav,0.4237629473209381,0.0,0.0234866142272949,0.9626926779747008
age,young_20s,male,20s M,GLOBE::train::S_020558::00123229_000000.v2.vad,1.0,/data/waris/code/TVTSynCtrl/results/relgan_raft_hnr_fixed_ablation_paper_v2/20260622_114538/hnr_fixed_full_hybrid_paper_v2_20260622_114538/audio/audio_eval/audio/0267_GLOBE__train__S_020558__00123229_000000_v2_vad_age_+1.00.wav,audio/age/young_20s_male/age_p1p0.wav,0.6582667231559753,0.2345037758350372,1.1507065296173096,0.7093091607093811
age,young_20s,male,20s M,GLOBE::train::S_020558::00123229_000000.v2.vad,2.0,/data/waris/code/TVTSynCtrl/results/relgan_raft_hnr_fixed_ablation_paper_v2/20260622_114538/hnr_fixed_full_hybrid_paper_v2_20260622_114538/audio/audio_eval/audio/0267_GLOBE__train__S_020558__00123229_000000_v2_vad_age_+2.00.wav,audio/age/young_20s_male/age_p2p0.wav,0.7370559573173523,0.3132930099964142,1.5887755155563354,0.6479212045669556
age,young_20s,male,20s M,GLOBE::train::S_020558::00123229_000000.v2.vad,source,/data/waris/data/GLOBE/data/train/S_020558/wav/00123229_000000.v2.vad.wav,audio/age/young_20s_male/source.wav,,,,
age,young_20s,female,20s F,LibriTTS::7177::7177_258965_000015_000001,-2.0,/data/waris/code/TVTSynCtrl/results/relgan_raft_hnr_fixed_ablation_paper_v2/20260622_114538/hnr_fixed_full_hybrid_paper_v2_20260622_114538/audio/audio_eval/audio/0227_LibriTTS__7177__7177_258965_000015_000001_age_-2.00.wav,audio/age/young_20s_female/age_m2p0.wav,0.2384471595287323,-0.2296352386474609,-0.2998256087303161,0.5688062906265259
age,young_20s,female,20s F,LibriTTS::7177::7177_258965_000015_000001,-1.0,/data/waris/code/TVTSynCtrl/results/relgan_raft_hnr_fixed_ablation_paper_v2/20260622_114538/hnr_fixed_full_hybrid_paper_v2_20260622_114538/audio/audio_eval/audio/0227_LibriTTS__7177__7177_258965_000015_000001_age_-1.00.wav,audio/age/young_20s_female/age_m1p0.wav,0.3127144873142242,-0.155367910861969,-0.2998256087303161,0.6273485422134399
age,young_20s,female,20s F,LibriTTS::7177::7177_258965_000015_000001,0.0,/data/waris/code/TVTSynCtrl/results/relgan_raft_hnr_fixed_ablation_paper_v2/20260622_114538/hnr_fixed_full_hybrid_paper_v2_20260622_114538/audio/audio_eval/audio/0227_LibriTTS__7177__7177_258965_000015_000001_age_+0.00.wav,audio/age/young_20s_female/age_p0p0.wav,0.4680823981761932,0.0,-0.0299988389015197,0.9628511667251588
age,young_20s,female,20s F,LibriTTS::7177::7177_258965_000015_000001,1.0,/data/waris/code/TVTSynCtrl/results/relgan_raft_hnr_fixed_ablation_paper_v2/20260622_114538/hnr_fixed_full_hybrid_paper_v2_20260622_114538/audio/audio_eval/audio/0227_LibriTTS__7177__7177_258965_000015_000001_age_+1.00.wav,audio/age/young_20s_female/age_p1p0.wav,0.6326131224632263,0.164530724287033,1.1604719161987305,0.7021515369415283
age,young_20s,female,20s F,LibriTTS::7177::7177_258965_000015_000001,2.0,/data/waris/code/TVTSynCtrl/results/relgan_raft_hnr_fixed_ablation_paper_v2/20260622_114538/hnr_fixed_full_hybrid_paper_v2_20260622_114538/audio/audio_eval/audio/0227_LibriTTS__7177__7177_258965_000015_000001_age_+2.00.wav,audio/age/young_20s_female/age_p2p0.wav,0.7446873784065247,0.2766049802303314,1.700174331665039,0.6277388334274292
age,young_20s,female,20s F,LibriTTS::7177::7177_258965_000015_000001,source,/data/waris/data/streamVC_data/data/7177/wav/7177_258965_000015_000001.wav,audio/age/young_20s_female/source.wav,,,,
age,mid_40s,male,40s M,GLOBE::train::S_002060::00057675_000001.v2.vad,-2.0,/data/waris/code/TVTSynCtrl/results/relgan_raft_hnr_fixed_ablation_paper_v2/20260622_114538/hnr_fixed_full_hybrid_paper_v2_20260622_114538/audio/audio_eval/audio/0062_GLOBE__train__S_002060__00057675_000001_v2_vad_age_-2.00.wav,audio/age/mid_40s_male/age_m2p0.wav,0.1952002197504043,-0.3877788037061691,-1.0648887157440186,0.7032568454742432
age,mid_40s,male,40s M,GLOBE::train::S_002060::00057675_000001.v2.vad,-1.0,/data/waris/code/TVTSynCtrl/results/relgan_raft_hnr_fixed_ablation_paper_v2/20260622_114538/hnr_fixed_full_hybrid_paper_v2_20260622_114538/audio/audio_eval/audio/0062_GLOBE__train__S_002060__00057675_000001_v2_vad_age_-1.00.wav,audio/age/mid_40s_male/age_m1p0.wav,0.4695576727390289,-0.1134213507175445,-0.987375020980835,0.8056321740150452
age,mid_40s,male,40s M,GLOBE::train::S_002060::00057675_000001.v2.vad,0.0,/data/waris/code/TVTSynCtrl/results/relgan_raft_hnr_fixed_ablation_paper_v2/20260622_114538/hnr_fixed_full_hybrid_paper_v2_20260622_114538/audio/audio_eval/audio/0062_GLOBE__train__S_002060__00057675_000001_v2_vad_age_+0.00.wav,audio/age/mid_40s_male/age_p0p0.wav,0.5829790234565735,0.0,0.0120406150817871,0.9939725399017334
age,mid_40s,male,40s M,GLOBE::train::S_002060::00057675_000001.v2.vad,1.0,/data/waris/code/TVTSynCtrl/results/relgan_raft_hnr_fixed_ablation_paper_v2/20260622_114538/hnr_fixed_full_hybrid_paper_v2_20260622_114538/audio/audio_eval/audio/0062_GLOBE__train__S_002060__00057675_000001_v2_vad_age_+1.00.wav,audio/age/mid_40s_male/age_p1p0.wav,0.6901147961616516,0.1071357727050781,0.9351112842559814,0.7335509061813354
age,mid_40s,male,40s M,GLOBE::train::S_002060::00057675_000001.v2.vad,2.0,/data/waris/code/TVTSynCtrl/results/relgan_raft_hnr_fixed_ablation_paper_v2/20260622_114538/hnr_fixed_full_hybrid_paper_v2_20260622_114538/audio/audio_eval/audio/0062_GLOBE__train__S_002060__00057675_000001_v2_vad_age_+2.00.wav,audio/age/mid_40s_male/age_p2p0.wav,0.7263776063919067,0.1433985829353332,0.9351112842559814,0.6745544672012329
age,mid_40s,male,40s M,GLOBE::train::S_002060::00057675_000001.v2.vad,source,/data/waris/data/GLOBE/data/train/S_002060/wav/00057675_000001.v2.vad.wav,audio/age/mid_40s_male/source.wav,,,,
age,mid_40s,female,40s F,GLOBE::train::S_000020::00454691_000017.v2.vad,-2.0,/data/waris/code/TVTSynCtrl/results/relgan_raft_hnr_fixed_ablation_paper_v2/20260622_114538/hnr_fixed_full_hybrid_paper_v2_20260622_114538/audio/audio_eval/audio/0010_GLOBE__train__S_000020__00454691_000017_v2_vad_age_-2.00.wav,audio/age/mid_40s_female/age_m2p0.wav,0.2241798937320709,-0.2337332665920257,-0.4444007277488708,0.4880044758319855
age,mid_40s,female,40s F,GLOBE::train::S_000020::00454691_000017.v2.vad,-1.0,/data/waris/code/TVTSynCtrl/results/relgan_raft_hnr_fixed_ablation_paper_v2/20260622_114538/hnr_fixed_full_hybrid_paper_v2_20260622_114538/audio/audio_eval/audio/0010_GLOBE__train__S_000020__00454691_000017_v2_vad_age_-1.00.wav,audio/age/mid_40s_female/age_m1p0.wav,0.4203346669673919,-0.0375784933567047,-0.4444007277488708,0.585906982421875
age,mid_40s,female,40s F,GLOBE::train::S_000020::00454691_000017.v2.vad,0.0,/data/waris/code/TVTSynCtrl/results/relgan_raft_hnr_fixed_ablation_paper_v2/20260622_114538/hnr_fixed_full_hybrid_paper_v2_20260622_114538/audio/audio_eval/audio/0010_GLOBE__train__S_000020__00454691_000017_v2_vad_age_+0.00.wav,audio/age/mid_40s_female/age_p0p0.wav,0.4579131603240967,0.0,-0.0210678577423095,0.9275765419006348
age,mid_40s,female,40s F,GLOBE::train::S_000020::00454691_000017.v2.vad,1.0,/data/waris/code/TVTSynCtrl/results/relgan_raft_hnr_fixed_ablation_paper_v2/20260622_114538/hnr_fixed_full_hybrid_paper_v2_20260622_114538/audio/audio_eval/audio/0010_GLOBE__train__S_000020__00454691_000017_v2_vad_age_+1.00.wav,audio/age/mid_40s_female/age_p1p0.wav,0.5943541526794434,0.1364409923553466,1.094520092010498,0.7420417070388794
age,mid_40s,female,40s F,GLOBE::train::S_000020::00454691_000017.v2.vad,2.0,/data/waris/code/TVTSynCtrl/results/relgan_raft_hnr_fixed_ablation_paper_v2/20260622_114538/hnr_fixed_full_hybrid_paper_v2_20260622_114538/audio/audio_eval/audio/0010_GLOBE__train__S_000020__00454691_000017_v2_vad_age_+2.00.wav,audio/age/mid_40s_female/age_p2p0.wav,0.7593799829483032,0.3014668226242065,1.5555992126464844,0.585385799407959
age,mid_40s,female,40s F,GLOBE::train::S_000020::00454691_000017.v2.vad,source,/data/waris/data/GLOBE/data/train/S_000020/wav/00454691_000017.v2.vad.wav,audio/age/mid_40s_female/source.wav,,,,
age,senior_60s,male,60s M,GLOBE::train::S_002429::00306976_000012.v2.vad,-2.0,/data/waris/code/TVTSynCtrl/results/relgan_raft_hnr_fixed_ablation_paper_v2/20260622_114538/hnr_fixed_full_hybrid_paper_v2_20260622_114538/audio/audio_eval/audio/0152_GLOBE__train__S_002429__00306976_000012_v2_vad_age_-2.00.wav,audio/age/senior_60s_male/age_m2p0.wav,0.2423091381788253,-0.3547815829515457,-1.321608066558838,0.5944969654083252
age,senior_60s,male,60s M,GLOBE::train::S_002429::00306976_000012.v2.vad,-1.0,/data/waris/code/TVTSynCtrl/results/relgan_raft_hnr_fixed_ablation_paper_v2/20260622_114538/hnr_fixed_full_hybrid_paper_v2_20260622_114538/audio/audio_eval/audio/0152_GLOBE__train__S_002429__00306976_000012_v2_vad_age_-1.00.wav,audio/age/senior_60s_male/age_m1p0.wav,0.456230103969574,-0.1408606171607971,-0.9978812336921692,0.7832079529762268
age,senior_60s,male,60s M,GLOBE::train::S_002429::00306976_000012.v2.vad,0.0,/data/waris/code/TVTSynCtrl/results/relgan_raft_hnr_fixed_ablation_paper_v2/20260622_114538/hnr_fixed_full_hybrid_paper_v2_20260622_114538/audio/audio_eval/audio/0152_GLOBE__train__S_002429__00306976_000012_v2_vad_age_+0.00.wav,audio/age/senior_60s_male/age_p0p0.wav,0.5970907211303711,0.0,0.0411446094512939,0.9808504581451416
age,senior_60s,male,60s M,GLOBE::train::S_002429::00306976_000012.v2.vad,1.0,/data/waris/code/TVTSynCtrl/results/relgan_raft_hnr_fixed_ablation_paper_v2/20260622_114538/hnr_fixed_full_hybrid_paper_v2_20260622_114538/audio/audio_eval/audio/0152_GLOBE__train__S_002429__00306976_000012_v2_vad_age_+1.00.wav,audio/age/senior_60s_male/age_p1p0.wav,0.7390794157981873,0.1419886946678161,0.6783919334411621,0.6682412028312683
age,senior_60s,male,60s M,GLOBE::train::S_002429::00306976_000012.v2.vad,2.0,/data/waris/code/TVTSynCtrl/results/relgan_raft_hnr_fixed_ablation_paper_v2/20260622_114538/hnr_fixed_full_hybrid_paper_v2_20260622_114538/audio/audio_eval/audio/0152_GLOBE__train__S_002429__00306976_000012_v2_vad_age_+2.00.wav,audio/age/senior_60s_male/age_p2p0.wav,0.737433671951294,0.1403429508209228,0.6783919334411621,0.5938994288444519
age,senior_60s,male,60s M,GLOBE::train::S_002429::00306976_000012.v2.vad,source,/data/waris/data/GLOBE/data/train/S_002429/wav/00306976_000012.v2.vad.wav,audio/age/senior_60s_male/source.wav,,,,
age,senior_60s,female,60s F,LibriTTS::8778::8778_246974_000024_000009,-2.0,/data/waris/code/TVTSynCtrl/results/relgan_raft_hnr_fixed_ablation_paper_v2/20260622_114538/hnr_fixed_full_hybrid_paper_v2_20260622_114538/audio/audio_eval/audio/0125_LibriTTS__8778__8778_246974_000024_000009_age_-2.00.wav,audio/age/senior_60s_female/age_m2p0.wav,0.1926019191741943,-0.3994777202606201,-1.4482991695404053,0.4640902280807495
age,senior_60s,female,60s F,LibriTTS::8778::8778_246974_000024_000009,-1.0,/data/waris/code/TVTSynCtrl/results/relgan_raft_hnr_fixed_ablation_paper_v2/20260622_114538/hnr_fixed_full_hybrid_paper_v2_20260622_114538/audio/audio_eval/audio/0125_LibriTTS__8778__8778_246974_000024_000009_age_-1.00.wav,audio/age/senior_60s_female/age_m1p0.wav,0.5050577521324158,-0.0870218873023986,-1.166001796722412,0.6477212905883789
age,senior_60s,female,60s F,LibriTTS::8778::8778_246974_000024_000009,0.0,/data/waris/code/TVTSynCtrl/results/relgan_raft_hnr_fixed_ablation_paper_v2/20260622_114538/hnr_fixed_full_hybrid_paper_v2_20260622_114538/audio/audio_eval/audio/0125_LibriTTS__8778__8778_246974_000024_000009_age_+0.00.wav,audio/age/senior_60s_female/age_p0p0.wav,0.5920796394348145,0.0,-0.024507999420166,0.9044697284698486
age,senior_60s,female,60s F,LibriTTS::8778::8778_246974_000024_000009,1.0,/data/waris/code/TVTSynCtrl/results/relgan_raft_hnr_fixed_ablation_paper_v2/20260622_114538/hnr_fixed_full_hybrid_paper_v2_20260622_114538/audio/audio_eval/audio/0125_LibriTTS__8778__8778_246974_000024_000009_age_+1.00.wav,audio/age/senior_60s_female/age_p1p0.wav,0.7681408524513245,0.17606121301651,0.5517008304595947,0.6084617376327515
age,senior_60s,female,60s F,LibriTTS::8778::8778_246974_000024_000009,2.0,/data/waris/code/TVTSynCtrl/results/relgan_raft_hnr_fixed_ablation_paper_v2/20260622_114538/hnr_fixed_full_hybrid_paper_v2_20260622_114538/audio/audio_eval/audio/0125_LibriTTS__8778__8778_246974_000024_000009_age_+2.00.wav,audio/age/senior_60s_female/age_p2p0.wav,0.7419826984405518,0.1499030590057373,0.5517008304595947,0.5594295263290405
age,senior_60s,female,60s F,LibriTTS::8778::8778_246974_000024_000009,source,/data/waris/data/streamVC_data/data/8778/wav/8778_246974_000024_000009.wav,audio/age/senior_60s_female/source.wav,,,,
gender_male,young_20s,male,20s M,GLOBE::train::S_011895::00338957_000002.v2.vad,-2.0,/data/waris/code/TVTSynCtrl/results/relgan_raft_hnr_fixed_ablation_paper_v2/20260622_114538/hnr_fixed_full_hybrid_paper_v2_20260622_114538/audio/audio_eval/audio/0264_GLOBE__train__S_011895__00338957_000002_v2_vad_gender_male_-2.00.wav,audio/gender_male/young_20s_male/gender_male_m2p0.wav,0.0038986655417829,-0.8557961729820818,-1.3903578519821167,0.8077936172485352
gender_male,young_20s,male,20s M,GLOBE::train::S_011895::00338957_000002.v2.vad,-1.0,/data/waris/code/TVTSynCtrl/results/relgan_raft_hnr_fixed_ablation_paper_v2/20260622_114538/hnr_fixed_full_hybrid_paper_v2_20260622_114538/audio/audio_eval/audio/0264_GLOBE__train__S_011895__00338957_000002_v2_vad_gender_male_-1.00.wav,audio/gender_male/young_20s_male/gender_male_m1p0.wav,0.0494665279984474,-0.8102283105254173,-0.9996160864830016,0.6213760375976562
gender_male,young_20s,male,20s M,GLOBE::train::S_011895::00338957_000002.v2.vad,0.0,/data/waris/code/TVTSynCtrl/results/relgan_raft_hnr_fixed_ablation_paper_v2/20260622_114538/hnr_fixed_full_hybrid_paper_v2_20260622_114538/audio/audio_eval/audio/0264_GLOBE__train__S_011895__00338957_000002_v2_vad_gender_male_+0.00.wav,audio/gender_male/young_20s_male/gender_male_p0p0.wav,0.8596948385238647,0.0,0.0589467287063598,0.9969998598098756
gender_male,young_20s,male,20s M,GLOBE::train::S_011895::00338957_000002.v2.vad,1.0,/data/waris/code/TVTSynCtrl/results/relgan_raft_hnr_fixed_ablation_paper_v2/20260622_114538/hnr_fixed_full_hybrid_paper_v2_20260622_114538/audio/audio_eval/audio/0264_GLOBE__train__S_011895__00338957_000002_v2_vad_gender_male_+1.00.wav,audio/gender_male/young_20s_male/gender_male_p1p0.wav,0.9944724440574646,0.1347776055335998,0.6096421480178833,0.5931708812713623
gender_male,young_20s,male,20s M,GLOBE::train::S_011895::00338957_000002.v2.vad,2.0,/data/waris/code/TVTSynCtrl/results/relgan_raft_hnr_fixed_ablation_paper_v2/20260622_114538/hnr_fixed_full_hybrid_paper_v2_20260622_114538/audio/audio_eval/audio/0264_GLOBE__train__S_011895__00338957_000002_v2_vad_gender_male_+2.00.wav,audio/gender_male/young_20s_male/gender_male_p2p0.wav,0.9953977465629578,0.135702908039093,0.6096421480178833,0.6058370471000671
gender_male,young_20s,male,20s M,GLOBE::train::S_011895::00338957_000002.v2.vad,source,/data/waris/data/GLOBE/data/train/S_011895/wav/00338957_000002.v2.vad.wav,audio/gender_male/young_20s_male/source.wav,,,,
gender_male,young_20s,female,20s F,VoxCeleb1::train::id10258::23dSOm3axoU::00003,-2.0,/data/waris/code/TVTSynCtrl/results/relgan_raft_hnr_fixed_ablation_paper_v2/20260622_114538/hnr_fixed_full_hybrid_paper_v2_20260622_114538/audio/audio_eval/audio/0242_VoxCeleb1__train__id10258__23dSOm3axoU__00003_gender_male_-2.00.wav,audio/gender_male/young_20s_female/gender_male_m2p0.wav,0.003400077112019,-0.0018304050900042,-0.2261094450950622,0.7213097810745239
gender_male,young_20s,female,20s F,VoxCeleb1::train::id10258::23dSOm3axoU::00003,-1.0,/data/waris/code/TVTSynCtrl/results/relgan_raft_hnr_fixed_ablation_paper_v2/20260622_114538/hnr_fixed_full_hybrid_paper_v2_20260622_114538/audio/audio_eval/audio/0242_VoxCeleb1__train__id10258__23dSOm3axoU__00003_gender_male_-1.00.wav,audio/gender_male/young_20s_female/gender_male_m1p0.wav,0.0027607020456343,-0.0024697801563888,-0.2261094450950622,0.661026120185852
gender_male,young_20s,female,20s F,VoxCeleb1::train::id10258::23dSOm3axoU::00003,0.0,/data/waris/code/TVTSynCtrl/results/relgan_raft_hnr_fixed_ablation_paper_v2/20260622_114538/hnr_fixed_full_hybrid_paper_v2_20260622_114538/audio/audio_eval/audio/0242_VoxCeleb1__train__id10258__23dSOm3axoU__00003_gender_male_+0.00.wav,audio/gender_male/young_20s_female/gender_male_p0p0.wav,0.0052304822020232,0.0,0.1695644259452819,0.8960357308387756
gender_male,young_20s,female,20s F,VoxCeleb1::train::id10258::23dSOm3axoU::00003,1.0,/data/waris/code/TVTSynCtrl/results/relgan_raft_hnr_fixed_ablation_paper_v2/20260622_114538/hnr_fixed_full_hybrid_paper_v2_20260622_114538/audio/audio_eval/audio/0242_VoxCeleb1__train__id10258__23dSOm3axoU__00003_gender_male_+1.00.wav,audio/gender_male/young_20s_female/gender_male_p1p0.wav,0.0188544541597366,0.0136239719577133,1.226811408996582,0.5803243517875671
gender_male,young_20s,female,20s F,VoxCeleb1::train::id10258::23dSOm3axoU::00003,2.0,/data/waris/code/TVTSynCtrl/results/relgan_raft_hnr_fixed_ablation_paper_v2/20260622_114538/hnr_fixed_full_hybrid_paper_v2_20260622_114538/audio/audio_eval/audio/0242_VoxCeleb1__train__id10258__23dSOm3axoU__00003_gender_male_+2.00.wav,audio/gender_male/young_20s_female/gender_male_p2p0.wav,0.9879679679870604,0.9827374857850372,1.773890495300293,0.6981281042098999
gender_male,young_20s,female,20s F,VoxCeleb1::train::id10258::23dSOm3axoU::00003,source,/data/waris/data/Voxceleb/voxceleb1/train/wav/id10258/23dSOm3axoU/00003.wav,audio/gender_male/young_20s_female/source.wav,,,,
gender_male,mid_40s,male,40s M,AESRC::Indian_G1757::G1757S2334,-2.0,/data/waris/code/TVTSynCtrl/results/relgan_raft_hnr_fixed_ablation_paper_v2/20260622_114538/hnr_fixed_full_hybrid_paper_v2_20260622_114538/audio/audio_eval/audio/0058_AESRC__Indian_G1757__G1757S2334_gender_male_-2.00.wav,audio/gender_male/mid_40s_male/gender_male_m2p0.wav,0.0049500232562422,-0.9697982901707292,-1.7723140716552734,0.8358719944953918
gender_male,mid_40s,male,40s M,AESRC::Indian_G1757::G1757S2334,-1.0,/data/waris/code/TVTSynCtrl/results/relgan_raft_hnr_fixed_ablation_paper_v2/20260622_114538/hnr_fixed_full_hybrid_paper_v2_20260622_114538/audio/audio_eval/audio/0058_AESRC__Indian_G1757__G1757S2334_gender_male_-1.00.wav,audio/gender_male/mid_40s_male/gender_male_m1p0.wav,0.8645613789558411,-0.1101869344711303,-0.8205929398536682,0.5798794627189636
gender_male,mid_40s,male,40s M,AESRC::Indian_G1757::G1757S2334,0.0,/data/waris/code/TVTSynCtrl/results/relgan_raft_hnr_fixed_ablation_paper_v2/20260622_114538/hnr_fixed_full_hybrid_paper_v2_20260622_114538/audio/audio_eval/audio/0058_AESRC__Indian_G1757__G1757S2334_gender_male_+0.00.wav,audio/gender_male/mid_40s_male/gender_male_p0p0.wav,0.9747483134269714,0.0,0.1560983657836914,0.9475379586219788
gender_male,mid_40s,male,40s M,AESRC::Indian_G1757::G1757S2334,1.0,/data/waris/code/TVTSynCtrl/results/relgan_raft_hnr_fixed_ablation_paper_v2/20260622_114538/hnr_fixed_full_hybrid_paper_v2_20260622_114538/audio/audio_eval/audio/0058_AESRC__Indian_G1757__G1757S2334_gender_male_+1.00.wav,audio/gender_male/mid_40s_male/gender_male_p1p0.wav,0.9950628876686096,0.0203145742416381,0.2276859283447265,0.5749186873435974
gender_male,mid_40s,male,40s M,AESRC::Indian_G1757::G1757S2334,2.0,/data/waris/code/TVTSynCtrl/results/relgan_raft_hnr_fixed_ablation_paper_v2/20260622_114538/hnr_fixed_full_hybrid_paper_v2_20260622_114538/audio/audio_eval/audio/0058_AESRC__Indian_G1757__G1757S2334_gender_male_+2.00.wav,audio/gender_male/mid_40s_male/gender_male_p2p0.wav,0.9955718517303468,0.0208235383033752,0.2276859283447265,0.574502170085907
gender_male,mid_40s,male,40s M,AESRC::Indian_G1757::G1757S2334,source,/data/waris/data/AESRC/data/Indian_G1757/wav/G1757S2334.wav,audio/gender_male/mid_40s_male/source.wav,,,,
gender_male,mid_40s,female,40s F,VoxCeleb1::train::id10968::t3z1N9QWI_8::00005,-2.0,/data/waris/code/TVTSynCtrl/results/relgan_raft_hnr_fixed_ablation_paper_v2/20260622_114538/hnr_fixed_full_hybrid_paper_v2_20260622_114538/audio/audio_eval/audio/0046_VoxCeleb1__train__id10968__t3z1N9QWI_8__00005_gender_male_-2.00.wav,audio/gender_male/mid_40s_female/gender_male_m2p0.wav,0.0017837045015767,-0.0919942947803065,-0.727118194103241,0.6343815326690674
gender_male,mid_40s,female,40s F,VoxCeleb1::train::id10968::t3z1N9QWI_8::00005,-1.0,/data/waris/code/TVTSynCtrl/results/relgan_raft_hnr_fixed_ablation_paper_v2/20260622_114538/hnr_fixed_full_hybrid_paper_v2_20260622_114538/audio/audio_eval/audio/0046_VoxCeleb1__train__id10968__t3z1N9QWI_8__00005_gender_male_-1.00.wav,audio/gender_male/mid_40s_female/gender_male_m1p0.wav,0.0015699048526585,-0.0922080944292247,-0.727118194103241,0.6682282090187073
gender_male,mid_40s,female,40s F,VoxCeleb1::train::id10968::t3z1N9QWI_8::00005,0.0,/data/waris/code/TVTSynCtrl/results/relgan_raft_hnr_fixed_ablation_paper_v2/20260622_114538/hnr_fixed_full_hybrid_paper_v2_20260622_114538/audio/audio_eval/audio/0046_VoxCeleb1__train__id10968__t3z1N9QWI_8__00005_gender_male_+0.00.wav,audio/gender_male/mid_40s_female/gender_male_p0p0.wav,0.0937779992818832,0.0,0.029340922832489,0.994781494140625
gender_male,mid_40s,female,40s F,VoxCeleb1::train::id10968::t3z1N9QWI_8::00005,1.0,/data/waris/code/TVTSynCtrl/results/relgan_raft_hnr_fixed_ablation_paper_v2/20260622_114538/hnr_fixed_full_hybrid_paper_v2_20260622_114538/audio/audio_eval/audio/0046_VoxCeleb1__train__id10968__t3z1N9QWI_8__00005_gender_male_+1.00.wav,audio/gender_male/mid_40s_female/gender_male_p1p0.wav,0.9811331629753112,0.887355163693428,1.2470645904541016,0.7367050647735596
gender_male,mid_40s,female,40s F,VoxCeleb1::train::id10968::t3z1N9QWI_8::00005,2.0,/data/waris/code/TVTSynCtrl/results/relgan_raft_hnr_fixed_ablation_paper_v2/20260622_114538/hnr_fixed_full_hybrid_paper_v2_20260622_114538/audio/audio_eval/audio/0046_VoxCeleb1__train__id10968__t3z1N9QWI_8__00005_gender_male_+2.00.wav,audio/gender_male/mid_40s_female/gender_male_p2p0.wav,0.9780925512313844,0.884314551949501,1.2728817462921145,0.6506848335266113
gender_male,mid_40s,female,40s F,VoxCeleb1::train::id10968::t3z1N9QWI_8::00005,source,/data/waris/data/Voxceleb/voxceleb1/train/wav/id10968/t3z1N9QWI_8/00005.wav,audio/gender_male/mid_40s_female/source.wav,,,,
gender_male,senior_60s,male,60s M,LibriTTS::4179::4179_25937_000039_000002,-2.0,/data/waris/code/TVTSynCtrl/results/relgan_raft_hnr_fixed_ablation_paper_v2/20260622_114538/hnr_fixed_full_hybrid_paper_v2_20260622_114538/audio/audio_eval/audio/0174_LibriTTS__4179__4179_25937_000039_000002_gender_male_-2.00.wav,audio/gender_male/senior_60s_male/gender_male_m2p0.wav,0.0004106363921891,-0.982704857859062,-1.4263278245925903,0.6571630239486694
gender_male,senior_60s,male,60s M,LibriTTS::4179::4179_25937_000039_000002,-1.0,/data/waris/code/TVTSynCtrl/results/relgan_raft_hnr_fixed_ablation_paper_v2/20260622_114538/hnr_fixed_full_hybrid_paper_v2_20260622_114538/audio/audio_eval/audio/0174_LibriTTS__4179__4179_25937_000039_000002_gender_male_-1.00.wav,audio/gender_male/senior_60s_male/gender_male_m1p0.wav,0.207459881901741,-0.7756556123495102,-0.6834933757781982,0.7965346574783325
gender_male,senior_60s,male,60s M,LibriTTS::4179::4179_25937_000039_000002,0.0,/data/waris/code/TVTSynCtrl/results/relgan_raft_hnr_fixed_ablation_paper_v2/20260622_114538/hnr_fixed_full_hybrid_paper_v2_20260622_114538/audio/audio_eval/audio/0174_LibriTTS__4179__4179_25937_000039_000002_gender_male_+0.00.wav,audio/gender_male/senior_60s_male/gender_male_p0p0.wav,0.9831154942512512,0.0,0.0840821266174316,0.9951657056808472
gender_male,senior_60s,male,60s M,LibriTTS::4179::4179_25937_000039_000002,1.0,/data/waris/code/TVTSynCtrl/results/relgan_raft_hnr_fixed_ablation_paper_v2/20260622_114538/hnr_fixed_full_hybrid_paper_v2_20260622_114538/audio/audio_eval/audio/0174_LibriTTS__4179__4179_25937_000039_000002_gender_male_+1.00.wav,audio/gender_male/senior_60s_male/gender_male_p1p0.wav,0.9944960474967957,0.0113805532455444,0.5736721754074097,0.7471258640289307
gender_male,senior_60s,male,60s M,LibriTTS::4179::4179_25937_000039_000002,2.0,/data/waris/code/TVTSynCtrl/results/relgan_raft_hnr_fixed_ablation_paper_v2/20260622_114538/hnr_fixed_full_hybrid_paper_v2_20260622_114538/audio/audio_eval/audio/0174_LibriTTS__4179__4179_25937_000039_000002_gender_male_+2.00.wav,audio/gender_male/senior_60s_male/gender_male_p2p0.wav,0.988722324371338,0.0056068301200866,0.5736721754074097,0.6885870099067688
gender_male,senior_60s,male,60s M,LibriTTS::4179::4179_25937_000039_000002,source,/data/waris/data/streamVC_data/data/4179/wav/4179_25937_000039_000002.wav,audio/gender_male/senior_60s_male/source.wav,,,,
gender_male,senior_60s,female,60s F,GLOBE::train::S_013904::00115359_000001.v2.vad,-2.0,/data/waris/code/TVTSynCtrl/results/relgan_raft_hnr_fixed_ablation_paper_v2/20260622_114538/hnr_fixed_full_hybrid_paper_v2_20260622_114538/audio/audio_eval/audio/0111_GLOBE__train__S_013904__00115359_000001_v2_vad_gender_male_-2.00.wav,audio/gender_male/senior_60s_female/gender_male_m2p0.wav,0.0007144865230657,-0.0006075779092498,-0.1542633175849914,0.6367253661155701
gender_male,senior_60s,female,60s F,GLOBE::train::S_013904::00115359_000001.v2.vad,-1.0,/data/waris/code/TVTSynCtrl/results/relgan_raft_hnr_fixed_ablation_paper_v2/20260622_114538/hnr_fixed_full_hybrid_paper_v2_20260622_114538/audio/audio_eval/audio/0111_GLOBE__train__S_013904__00115359_000001_v2_vad_gender_male_-1.00.wav,audio/gender_male/senior_60s_female/gender_male_m1p0.wav,0.0007567604770883,-0.0005653039552271,-0.1542633175849914,0.6523294448852539
gender_male,senior_60s,female,60s F,GLOBE::train::S_013904::00115359_000001.v2.vad,0.0,/data/waris/code/TVTSynCtrl/results/relgan_raft_hnr_fixed_ablation_paper_v2/20260622_114538/hnr_fixed_full_hybrid_paper_v2_20260622_114538/audio/audio_eval/audio/0111_GLOBE__train__S_013904__00115359_000001_v2_vad_gender_male_+0.00.wav,audio/gender_male/senior_60s_female/gender_male_p0p0.wav,0.0013220644323155,0.0,0.0364349484443664,0.9951472282409668
gender_male,senior_60s,female,60s F,GLOBE::train::S_013904::00115359_000001.v2.vad,1.0,/data/waris/code/TVTSynCtrl/results/relgan_raft_hnr_fixed_ablation_paper_v2/20260622_114538/hnr_fixed_full_hybrid_paper_v2_20260622_114538/audio/audio_eval/audio/0111_GLOBE__train__S_013904__00115359_000001_v2_vad_gender_male_+1.00.wav,audio/gender_male/senior_60s_female/gender_male_p1p0.wav,0.0646716356277465,0.063349571195431,1.3364269733428955,0.6506532430648804
gender_male,senior_60s,female,60s F,GLOBE::train::S_013904::00115359_000001.v2.vad,2.0,/data/waris/code/TVTSynCtrl/results/relgan_raft_hnr_fixed_ablation_paper_v2/20260622_114538/hnr_fixed_full_hybrid_paper_v2_20260622_114538/audio/audio_eval/audio/0111_GLOBE__train__S_013904__00115359_000001_v2_vad_gender_male_+2.00.wav,audio/gender_male/senior_60s_female/gender_male_p2p0.wav,0.9698981046676636,0.968576040235348,1.845736742019653,0.6519554257392883
gender_male,senior_60s,female,60s F,GLOBE::train::S_013904::00115359_000001.v2.vad,source,/data/waris/data/GLOBE/data/train/S_013904/wav/00115359_000001.v2.vad.wav,audio/gender_male/senior_60s_female/source.wav,,,,
pitch,young_20s,male,20s M,GLOBE::train::S_020558::00123229_000000.v2.vad,-2.0,/data/waris/code/TVTSynCtrl/results/relgan_raft_hnr_fixed_ablation_paper_v2/20260622_114538/hnr_fixed_full_hybrid_paper_v2_20260622_114538/audio/audio_eval/audio/0267_GLOBE__train__S_020558__00123229_000000_v2_vad_pitch_-2.00.wav,audio/pitch/young_20s_male/pitch_m2p0.wav,4.427574916960476,-0.4609197027915845,-0.8643199801445007,0.7024744749069214
pitch,young_20s,male,20s M,GLOBE::train::S_020558::00123229_000000.v2.vad,-1.0,/data/waris/code/TVTSynCtrl/results/relgan_raft_hnr_fixed_ablation_paper_v2/20260622_114538/hnr_fixed_full_hybrid_paper_v2_20260622_114538/audio/audio_eval/audio/0267_GLOBE__train__S_020558__00123229_000000_v2_vad_pitch_-1.00.wav,audio/pitch/young_20s_male/pitch_m1p0.wav,4.515592736390962,-0.3729018833610986,-0.8643199801445007,0.6977984309196472
pitch,young_20s,male,20s M,GLOBE::train::S_020558::00123229_000000.v2.vad,0.0,/data/waris/code/TVTSynCtrl/results/relgan_raft_hnr_fixed_ablation_paper_v2/20260622_114538/hnr_fixed_full_hybrid_paper_v2_20260622_114538/audio/audio_eval/audio/0267_GLOBE__train__S_020558__00123229_000000_v2_vad_pitch_+0.00.wav,audio/pitch/young_20s_male/pitch_p0p0.wav,4.888494619752061,0.0,-0.0049062371253967,0.9626926779747008
pitch,young_20s,male,20s M,GLOBE::train::S_020558::00123229_000000.v2.vad,1.0,/data/waris/code/TVTSynCtrl/results/relgan_raft_hnr_fixed_ablation_paper_v2/20260622_114538/hnr_fixed_full_hybrid_paper_v2_20260622_114538/audio/audio_eval/audio/0267_GLOBE__train__S_020558__00123229_000000_v2_vad_pitch_+1.00.wav,audio/pitch/young_20s_male/pitch_p1p0.wav,5.537695829361859,0.6492012096097977,1.1356799602508545,0.6356477737426758
pitch,young_20s,male,20s M,GLOBE::train::S_020558::00123229_000000.v2.vad,2.0,/data/waris/code/TVTSynCtrl/results/relgan_raft_hnr_fixed_ablation_paper_v2/20260622_114538/hnr_fixed_full_hybrid_paper_v2_20260622_114538/audio/audio_eval/audio/0267_GLOBE__train__S_020558__00123229_000000_v2_vad_pitch_+2.00.wav,audio/pitch/young_20s_male/pitch_p2p0.wav,5.6172230439088455,0.7287284241567846,1.1356799602508545,0.6463354825973511
pitch,young_20s,male,20s M,GLOBE::train::S_020558::00123229_000000.v2.vad,source,/data/waris/data/GLOBE/data/train/S_020558/wav/00123229_000000.v2.vad.wav,audio/pitch/young_20s_male/source.wav,,,,
pitch,young_20s,female,20s F,LibriTTS::3889::3889_9915_000007_000001,-2.0,/data/waris/code/TVTSynCtrl/results/relgan_raft_hnr_fixed_ablation_paper_v2/20260622_114538/hnr_fixed_full_hybrid_paper_v2_20260622_114538/audio/audio_eval/audio/0224_LibriTTS__3889__3889_9915_000007_000001_pitch_-2.00.wav,audio/pitch/young_20s_female/pitch_m2p0.wav,4.418195074510925,-0.6143345761155468,-1.1823161840438845,0.7695640325546265
pitch,young_20s,female,20s F,LibriTTS::3889::3889_9915_000007_000001,-1.0,/data/waris/code/TVTSynCtrl/results/relgan_raft_hnr_fixed_ablation_paper_v2/20260622_114538/hnr_fixed_full_hybrid_paper_v2_20260622_114538/audio/audio_eval/audio/0224_LibriTTS__3889__3889_9915_000007_000001_pitch_-1.00.wav,audio/pitch/young_20s_female/pitch_m1p0.wav,4.479204402698827,-0.5533252479276447,-1.1823161840438845,0.8169671297073364
pitch,young_20s,female,20s F,LibriTTS::3889::3889_9915_000007_000001,0.0,/data/waris/code/TVTSynCtrl/results/relgan_raft_hnr_fixed_ablation_paper_v2/20260622_114538/hnr_fixed_full_hybrid_paper_v2_20260622_114538/audio/audio_eval/audio/0224_LibriTTS__3889__3889_9915_000007_000001_pitch_+0.00.wav,audio/pitch/young_20s_female/pitch_p0p0.wav,5.032529650626472,0.0,-0.0358525514602661,0.993592381477356
pitch,young_20s,female,20s F,LibriTTS::3889::3889_9915_000007_000001,1.0,/data/waris/code/TVTSynCtrl/results/relgan_raft_hnr_fixed_ablation_paper_v2/20260622_114538/hnr_fixed_full_hybrid_paper_v2_20260622_114538/audio/audio_eval/audio/0224_LibriTTS__3889__3889_9915_000007_000001_pitch_+1.00.wav,audio/pitch/young_20s_female/pitch_p1p0.wav,5.465745958464219,0.4332163078377471,0.8176838159561157,0.6488004922866821
pitch,young_20s,female,20s F,LibriTTS::3889::3889_9915_000007_000001,2.0,/data/waris/code/TVTSynCtrl/results/relgan_raft_hnr_fixed_ablation_paper_v2/20260622_114538/hnr_fixed_full_hybrid_paper_v2_20260622_114538/audio/audio_eval/audio/0224_LibriTTS__3889__3889_9915_000007_000001_pitch_+2.00.wav,audio/pitch/young_20s_female/pitch_p2p0.wav,5.636655826917734,0.6041261762912615,0.8176838159561157,0.7332820296287537
pitch,young_20s,female,20s F,LibriTTS::3889::3889_9915_000007_000001,source,/data/waris/data/streamVC_data/data/3889/wav/3889_9915_000007_000001.wav,audio/pitch/young_20s_female/source.wav,,,,
pitch,mid_40s,male,40s M,NaturalVoices::MSP-PODCAST_3298::MSP-PODCAST_3298_211,-2.0,/data/waris/code/TVTSynCtrl/results/relgan_raft_hnr_fixed_ablation_paper_v2/20260622_114538/hnr_fixed_full_hybrid_paper_v2_20260622_114538/audio/audio_eval/audio/0086_NaturalVoices__MSP_PODCAST_3298__MSP_PODCAST_3298_211_pitch_-2.00.wav,audio/pitch/mid_40s_male/pitch_m2p0.wav,4.001207265334747,-0.88833008739853,-0.7848430871963501,0.7328715324401855
pitch,mid_40s,male,40s M,NaturalVoices::MSP-PODCAST_3298::MSP-PODCAST_3298_211,-1.0,/data/waris/code/TVTSynCtrl/results/relgan_raft_hnr_fixed_ablation_paper_v2/20260622_114538/hnr_fixed_full_hybrid_paper_v2_20260622_114538/audio/audio_eval/audio/0086_NaturalVoices__MSP_PODCAST_3298__MSP_PODCAST_3298_211_pitch_-1.00.wav,audio/pitch/mid_40s_male/pitch_m1p0.wav,4.49610901526176,-0.3934283374715175,-0.794275164604187,0.6731858253479004
pitch,mid_40s,male,40s M,NaturalVoices::MSP-PODCAST_3298::MSP-PODCAST_3298_211,0.0,/data/waris/code/TVTSynCtrl/results/relgan_raft_hnr_fixed_ablation_paper_v2/20260622_114538/hnr_fixed_full_hybrid_paper_v2_20260622_114538/audio/audio_eval/audio/0086_NaturalVoices__MSP_PODCAST_3298__MSP_PODCAST_3298_211_pitch_+0.00.wav,audio/pitch/mid_40s_male/pitch_p0p0.wav,4.889537352733277,0.0,0.0190837979316711,0.9855012893676758
pitch,mid_40s,male,40s M,NaturalVoices::MSP-PODCAST_3298::MSP-PODCAST_3298_211,1.0,/data/waris/code/TVTSynCtrl/results/relgan_raft_hnr_fixed_ablation_paper_v2/20260622_114538/hnr_fixed_full_hybrid_paper_v2_20260622_114538/audio/audio_eval/audio/0086_NaturalVoices__MSP_PODCAST_3298__MSP_PODCAST_3298_211_pitch_+1.00.wav,audio/pitch/mid_40s_male/pitch_p1p0.wav,5.307505317387101,0.4179679646538243,1.0660635232925415,0.6974183320999146
pitch,mid_40s,male,40s M,NaturalVoices::MSP-PODCAST_3298::MSP-PODCAST_3298_211,2.0,/data/waris/code/TVTSynCtrl/results/relgan_raft_hnr_fixed_ablation_paper_v2/20260622_114538/hnr_fixed_full_hybrid_paper_v2_20260622_114538/audio/audio_eval/audio/0086_NaturalVoices__MSP_PODCAST_3298__MSP_PODCAST_3298_211_pitch_+2.00.wav,audio/pitch/mid_40s_male/pitch_p2p0.wav,5.477886614889306,0.5883492621560293,1.205724835395813,0.6562930345535278
pitch,mid_40s,male,40s M,NaturalVoices::MSP-PODCAST_3298::MSP-PODCAST_3298_211,source,/data/waris/data/NaturalVoices/data/MSP-PODCAST_3298/wav/MSP-PODCAST_3298_211.wav,audio/pitch/mid_40s_male/source.wav,,,,
pitch,mid_40s,female,40s F,NaturalVoices::MSP-PODCAST_0478::MSP-PODCAST_0478_1,-2.0,/data/waris/code/TVTSynCtrl/results/relgan_raft_hnr_fixed_ablation_paper_v2/20260622_114538/hnr_fixed_full_hybrid_paper_v2_20260622_114538/audio/audio_eval/audio/0030_NaturalVoices__MSP_PODCAST_0478__MSP_PODCAST_0478_1_pitch_-2.00.wav,audio/pitch/mid_40s_female/pitch_m2p0.wav,4.357823882329695,-0.4288002259669712,-0.8511509895324707,0.6802937984466553
pitch,mid_40s,female,40s F,NaturalVoices::MSP-PODCAST_0478::MSP-PODCAST_0478_1,-1.0,/data/waris/code/TVTSynCtrl/results/relgan_raft_hnr_fixed_ablation_paper_v2/20260622_114538/hnr_fixed_full_hybrid_paper_v2_20260622_114538/audio/audio_eval/audio/0030_NaturalVoices__MSP_PODCAST_0478__MSP_PODCAST_0478_1_pitch_-1.00.wav,audio/pitch/mid_40s_female/pitch_m1p0.wav,4.4590929930237575,-0.327531115272909,-0.8511509895324707,0.6682295799255371
pitch,mid_40s,female,40s F,NaturalVoices::MSP-PODCAST_0478::MSP-PODCAST_0478_1,0.0,/data/waris/code/TVTSynCtrl/results/relgan_raft_hnr_fixed_ablation_paper_v2/20260622_114538/hnr_fixed_full_hybrid_paper_v2_20260622_114538/audio/audio_eval/audio/0030_NaturalVoices__MSP_PODCAST_0478__MSP_PODCAST_0478_1_pitch_+0.00.wav,audio/pitch/mid_40s_female/pitch_p0p0.wav,4.7866241082966665,0.0,-0.0444393157958984,0.8879516124725342
pitch,mid_40s,female,40s F,NaturalVoices::MSP-PODCAST_0478::MSP-PODCAST_0478_1,1.0,/data/waris/code/TVTSynCtrl/results/relgan_raft_hnr_fixed_ablation_paper_v2/20260622_114538/hnr_fixed_full_hybrid_paper_v2_20260622_114538/audio/audio_eval/audio/0030_NaturalVoices__MSP_PODCAST_0478__MSP_PODCAST_0478_1_pitch_+1.00.wav,audio/pitch/mid_40s_female/pitch_p1p0.wav,5.009666153451083,0.2230420451544166,1.1322776079177856,0.546427845954895
pitch,mid_40s,female,40s F,NaturalVoices::MSP-PODCAST_0478::MSP-PODCAST_0478_1,2.0,/data/waris/code/TVTSynCtrl/results/relgan_raft_hnr_fixed_ablation_paper_v2/20260622_114538/hnr_fixed_full_hybrid_paper_v2_20260622_114538/audio/audio_eval/audio/0030_NaturalVoices__MSP_PODCAST_0478__MSP_PODCAST_0478_1_pitch_+2.00.wav,audio/pitch/mid_40s_female/pitch_p2p0.wav,5.569357282633154,0.7827331743364878,1.1488490104675293,0.7259055376052856
pitch,mid_40s,female,40s F,NaturalVoices::MSP-PODCAST_0478::MSP-PODCAST_0478_1,source,/data/waris/data/NaturalVoices/data/MSP-PODCAST_0478/wav/MSP-PODCAST_0478_1.wav,audio/pitch/mid_40s_female/source.wav,,,,
pitch,senior_60s,male,60s M,LibriTTS::2660::2660_173260_000014_000001,-2.0,/data/waris/code/TVTSynCtrl/results/relgan_raft_hnr_fixed_ablation_paper_v2/20260622_114538/hnr_fixed_full_hybrid_paper_v2_20260622_114538/audio/audio_eval/audio/0170_LibriTTS__2660__2660_173260_000014_000001_pitch_-2.00.wav,audio/pitch/senior_60s_male/pitch_m2p0.wav,4.292072128905973,-0.4990742437497433,-0.3825680017471313,0.6745824813842773
pitch,senior_60s,male,60s M,LibriTTS::2660::2660_173260_000014_000001,-1.0,/data/waris/code/TVTSynCtrl/results/relgan_raft_hnr_fixed_ablation_paper_v2/20260622_114538/hnr_fixed_full_hybrid_paper_v2_20260622_114538/audio/audio_eval/audio/0170_LibriTTS__2660__2660_173260_000014_000001_pitch_-1.00.wav,audio/pitch/senior_60s_male/pitch_m1p0.wav,4.336045014770642,-0.4551013578850744,-0.3825680017471313,0.653801679611206
pitch,senior_60s,male,60s M,LibriTTS::2660::2660_173260_000014_000001,0.0,/data/waris/code/TVTSynCtrl/results/relgan_raft_hnr_fixed_ablation_paper_v2/20260622_114538/hnr_fixed_full_hybrid_paper_v2_20260622_114538/audio/audio_eval/audio/0170_LibriTTS__2660__2660_173260_000014_000001_pitch_+0.00.wav,audio/pitch/senior_60s_male/pitch_p0p0.wav,4.791146372655716,0.0,-0.0475927591323852,0.964139759540558
pitch,senior_60s,male,60s M,LibriTTS::2660::2660_173260_000014_000001,1.0,/data/waris/code/TVTSynCtrl/results/relgan_raft_hnr_fixed_ablation_paper_v2/20260622_114538/hnr_fixed_full_hybrid_paper_v2_20260622_114538/audio/audio_eval/audio/0170_LibriTTS__2660__2660_173260_000014_000001_pitch_+1.00.wav,audio/pitch/senior_60s_male/pitch_p1p0.wav,5.202626043018466,0.4114796703627492,0.977192997932434,0.6510181427001953
pitch,senior_60s,male,60s M,LibriTTS::2660::2660_173260_000014_000001,2.0,/data/waris/code/TVTSynCtrl/results/relgan_raft_hnr_fixed_ablation_paper_v2/20260622_114538/hnr_fixed_full_hybrid_paper_v2_20260622_114538/audio/audio_eval/audio/0170_LibriTTS__2660__2660_173260_000014_000001_pitch_+2.00.wav,audio/pitch/senior_60s_male/pitch_p2p0.wav,5.4209373407505685,0.6297909680948521,1.6174319982528689,0.727118194103241
pitch,senior_60s,male,60s M,LibriTTS::2660::2660_173260_000014_000001,source,/data/waris/data/streamVC_data/data/2660/wav/2660_173260_000014_000001.wav,audio/pitch/senior_60s_male/source.wav,,,,
pitch,senior_60s,female,60s F,VoxCeleb1::train::id10693::EW4Cxe52kL4::00006,-2.0,/data/waris/code/TVTSynCtrl/results/relgan_raft_hnr_fixed_ablation_paper_v2/20260622_114538/hnr_fixed_full_hybrid_paper_v2_20260622_114538/audio/audio_eval/audio/0143_VoxCeleb1__train__id10693__EW4Cxe52kL4__00006_pitch_-2.00.wav,audio/pitch/senior_60s_female/pitch_m2p0.wav,4.391340068780805,-0.7417299904711241,-1.25378155708313,0.6830348372459412
pitch,senior_60s,female,60s F,VoxCeleb1::train::id10693::EW4Cxe52kL4::00006,-1.0,/data/waris/code/TVTSynCtrl/results/relgan_raft_hnr_fixed_ablation_paper_v2/20260622_114538/hnr_fixed_full_hybrid_paper_v2_20260622_114538/audio/audio_eval/audio/0143_VoxCeleb1__train__id10693__EW4Cxe52kL4__00006_pitch_-1.00.wav,audio/pitch/senior_60s_female/pitch_m1p0.wav,4.463004271271804,-0.6700657879801248,-1.0681321620941162,0.7016510963439941
pitch,senior_60s,female,60s F,VoxCeleb1::train::id10693::EW4Cxe52kL4::00006,0.0,/data/waris/code/TVTSynCtrl/results/relgan_raft_hnr_fixed_ablation_paper_v2/20260622_114538/hnr_fixed_full_hybrid_paper_v2_20260622_114538/audio/audio_eval/audio/0143_VoxCeleb1__train__id10693__EW4Cxe52kL4__00006_pitch_+0.00.wav,audio/pitch/senior_60s_female/pitch_p0p0.wav,5.133070059251929,0.0,-0.0371308326721191,0.8738434910774231
pitch,senior_60s,female,60s F,VoxCeleb1::train::id10693::EW4Cxe52kL4::00006,1.0,/data/waris/code/TVTSynCtrl/results/relgan_raft_hnr_fixed_ablation_paper_v2/20260622_114538/hnr_fixed_full_hybrid_paper_v2_20260622_114538/audio/audio_eval/audio/0143_VoxCeleb1__train__id10693__EW4Cxe52kL4__00006_pitch_+1.00.wav,audio/pitch/senior_60s_female/pitch_p1p0.wav,5.559773917805584,0.4267038585536555,0.7462184429168701,0.6326988935470581
pitch,senior_60s,female,60s F,VoxCeleb1::train::id10693::EW4Cxe52kL4::00006,2.0,/data/waris/code/TVTSynCtrl/results/relgan_raft_hnr_fixed_ablation_paper_v2/20260622_114538/hnr_fixed_full_hybrid_paper_v2_20260622_114538/audio/audio_eval/audio/0143_VoxCeleb1__train__id10693__EW4Cxe52kL4__00006_pitch_+2.00.wav,audio/pitch/senior_60s_female/pitch_p2p0.wav,5.6899339555646,0.5568638963126711,0.7462184429168701,0.6297608613967896
pitch,senior_60s,female,60s F,VoxCeleb1::train::id10693::EW4Cxe52kL4::00006,source,/data/waris/data/Voxceleb/voxceleb1/train/wav/id10693/EW4Cxe52kL4/00006.wav,audio/pitch/senior_60s_female/source.wav,,,,
voice_quality_hnr,young_20s,male,20s M,GLOBE::train::S_007523::00435966_000002.v2.vad,-2.0,/data/waris/code/TVTSynCtrl/results/relgan_raft_hnr_fixed_ablation_paper_v2/20260622_114538/hnr_fixed_full_hybrid_paper_v2_20260622_114538/audio/audio_eval/audio/0263_GLOBE__train__S_007523__00435966_000002_v2_vad_voice_quality_hnr_-2.00.wav,audio/voice_quality_hnr/young_20s_male/voice_quality_hnr_m2p0.wav,2.4152965538580338,-3.4222670858774835,-0.5497166514396667,0.8257401585578918
voice_quality_hnr,young_20s,male,20s M,GLOBE::train::S_007523::00435966_000002.v2.vad,-1.0,/data/waris/code/TVTSynCtrl/results/relgan_raft_hnr_fixed_ablation_paper_v2/20260622_114538/hnr_fixed_full_hybrid_paper_v2_20260622_114538/audio/audio_eval/audio/0263_GLOBE__train__S_007523__00435966_000002_v2_vad_voice_quality_hnr_-1.00.wav,audio/voice_quality_hnr/young_20s_male/voice_quality_hnr_m1p0.wav,1.4755760569531904,-4.361987582782327,-0.5497166514396667,0.6707333922386169
voice_quality_hnr,young_20s,male,20s M,GLOBE::train::S_007523::00435966_000002.v2.vad,0.0,/data/waris/code/TVTSynCtrl/results/relgan_raft_hnr_fixed_ablation_paper_v2/20260622_114538/hnr_fixed_full_hybrid_paper_v2_20260622_114538/audio/audio_eval/audio/0263_GLOBE__train__S_007523__00435966_000002_v2_vad_voice_quality_hnr_+0.00.wav,audio/voice_quality_hnr/young_20s_male/voice_quality_hnr_p0p0.wav,5.837563639735517,0.0,-0.2834380269050598,0.9110921621322632
voice_quality_hnr,young_20s,male,20s M,GLOBE::train::S_007523::00435966_000002.v2.vad,1.0,/data/waris/code/TVTSynCtrl/results/relgan_raft_hnr_fixed_ablation_paper_v2/20260622_114538/hnr_fixed_full_hybrid_paper_v2_20260622_114538/audio/audio_eval/audio/0263_GLOBE__train__S_007523__00435966_000002_v2_vad_voice_quality_hnr_+1.00.wav,audio/voice_quality_hnr/young_20s_male/voice_quality_hnr_p1p0.wav,9.969794923807276,4.132231284071759,1.004340887069702,0.6819034814834595
voice_quality_hnr,young_20s,male,20s M,GLOBE::train::S_007523::00435966_000002.v2.vad,2.0,/data/waris/code/TVTSynCtrl/results/relgan_raft_hnr_fixed_ablation_paper_v2/20260622_114538/hnr_fixed_full_hybrid_paper_v2_20260622_114538/audio/audio_eval/audio/0263_GLOBE__train__S_007523__00435966_000002_v2_vad_voice_quality_hnr_+2.00.wav,audio/voice_quality_hnr/young_20s_male/voice_quality_hnr_p2p0.wav,9.866833611500065,4.0292699717645455,1.4502832889556885,0.579439103603363
voice_quality_hnr,young_20s,male,20s M,GLOBE::train::S_007523::00435966_000002.v2.vad,source,/data/waris/data/GLOBE/data/train/S_007523/wav/00435966_000002.v2.vad.wav,audio/voice_quality_hnr/young_20s_male/source.wav,,,,
voice_quality_hnr,young_20s,female,20s F,GLOBE::train::S_004523::00062671_000000.v2.vad,-2.0,/data/waris/code/TVTSynCtrl/results/relgan_raft_hnr_fixed_ablation_paper_v2/20260622_114538/hnr_fixed_full_hybrid_paper_v2_20260622_114538/audio/audio_eval/audio/0211_GLOBE__train__S_004523__00062671_000000_v2_vad_voice_quality_hnr_-2.00.wav,audio/voice_quality_hnr/young_20s_female/voice_quality_hnr_m2p0.wav,3.9876912621504657,-1.6280915922968964,-0.396761417388916,0.7261692881584167
voice_quality_hnr,young_20s,female,20s F,GLOBE::train::S_004523::00062671_000000.v2.vad,-1.0,/data/waris/code/TVTSynCtrl/results/relgan_raft_hnr_fixed_ablation_paper_v2/20260622_114538/hnr_fixed_full_hybrid_paper_v2_20260622_114538/audio/audio_eval/audio/0211_GLOBE__train__S_004523__00062671_000000_v2_vad_voice_quality_hnr_-1.00.wav,audio/voice_quality_hnr/young_20s_female/voice_quality_hnr_m1p0.wav,3.5147682772862647,-2.1010145771610973,-0.396761417388916,0.5501030683517456
voice_quality_hnr,young_20s,female,20s F,GLOBE::train::S_004523::00062671_000000.v2.vad,0.0,/data/waris/code/TVTSynCtrl/results/relgan_raft_hnr_fixed_ablation_paper_v2/20260622_114538/hnr_fixed_full_hybrid_paper_v2_20260622_114538/audio/audio_eval/audio/0211_GLOBE__train__S_004523__00062671_000000_v2_vad_voice_quality_hnr_+0.00.wav,audio/voice_quality_hnr/young_20s_female/voice_quality_hnr_p0p0.wav,5.615782854447362,0.0,-0.1266297698020935,0.968288242816925
voice_quality_hnr,young_20s,female,20s F,GLOBE::train::S_004523::00062671_000000.v2.vad,1.0,/data/waris/code/TVTSynCtrl/results/relgan_raft_hnr_fixed_ablation_paper_v2/20260622_114538/hnr_fixed_full_hybrid_paper_v2_20260622_114538/audio/audio_eval/audio/0211_GLOBE__train__S_004523__00062671_000000_v2_vad_voice_quality_hnr_+1.00.wav,audio/voice_quality_hnr/young_20s_female/voice_quality_hnr_p1p0.wav,9.981375249189355,4.365592394741993,1.0197370052337646,0.7759537100791931
voice_quality_hnr,young_20s,female,20s F,GLOBE::train::S_004523::00062671_000000.v2.vad,2.0,/data/waris/code/TVTSynCtrl/results/relgan_raft_hnr_fixed_ablation_paper_v2/20260622_114538/hnr_fixed_full_hybrid_paper_v2_20260622_114538/audio/audio_eval/audio/0211_GLOBE__train__S_004523__00062671_000000_v2_vad_voice_quality_hnr_+2.00.wav,audio/voice_quality_hnr/young_20s_female/voice_quality_hnr_p2p0.wav,15.008636517714072,9.39285366326671,1.603238582611084,0.6765645742416382
voice_quality_hnr,young_20s,female,20s F,GLOBE::train::S_004523::00062671_000000.v2.vad,source,/data/waris/data/GLOBE/data/train/S_004523/wav/00062671_000000.v2.vad.wav,audio/voice_quality_hnr/young_20s_female/source.wav,,,,
voice_quality_hnr,mid_40s,male,40s M,GLOBE::train::S_002060::00057675_000001.v2.vad,-2.0,/data/waris/code/TVTSynCtrl/results/relgan_raft_hnr_fixed_ablation_paper_v2/20260622_114538/hnr_fixed_full_hybrid_paper_v2_20260622_114538/audio/audio_eval/audio/0062_GLOBE__train__S_002060__00057675_000001_v2_vad_voice_quality_hnr_-2.00.wav,audio/voice_quality_hnr/mid_40s_male/voice_quality_hnr_m2p0.wav,1.4791217213743433,-0.8159700692040828,-0.6545732021331787,0.7092365622520447
voice_quality_hnr,mid_40s,male,40s M,GLOBE::train::S_002060::00057675_000001.v2.vad,-1.0,/data/waris/code/TVTSynCtrl/results/relgan_raft_hnr_fixed_ablation_paper_v2/20260622_114538/hnr_fixed_full_hybrid_paper_v2_20260622_114538/audio/audio_eval/audio/0062_GLOBE__train__S_002060__00057675_000001_v2_vad_voice_quality_hnr_-1.00.wav,audio/voice_quality_hnr/mid_40s_male/voice_quality_hnr_m1p0.wav,1.3768967043758529,-0.9181950862025734,-0.6545732021331787,0.6943554878234863
voice_quality_hnr,mid_40s,male,40s M,GLOBE::train::S_002060::00057675_000001.v2.vad,0.0,/data/waris/code/TVTSynCtrl/results/relgan_raft_hnr_fixed_ablation_paper_v2/20260622_114538/hnr_fixed_full_hybrid_paper_v2_20260622_114538/audio/audio_eval/audio/0062_GLOBE__train__S_002060__00057675_000001_v2_vad_voice_quality_hnr_+0.00.wav,audio/voice_quality_hnr/mid_40s_male/voice_quality_hnr_p0p0.wav,2.295091790578426,0.0,-0.1244121193885803,0.9939725399017334
voice_quality_hnr,mid_40s,male,40s M,GLOBE::train::S_002060::00057675_000001.v2.vad,1.0,/data/waris/code/TVTSynCtrl/results/relgan_raft_hnr_fixed_ablation_paper_v2/20260622_114538/hnr_fixed_full_hybrid_paper_v2_20260622_114538/audio/audio_eval/audio/0062_GLOBE__train__S_002060__00057675_000001_v2_vad_voice_quality_hnr_+1.00.wav,audio/voice_quality_hnr/mid_40s_male/voice_quality_hnr_p1p0.wav,5.167093504842284,2.872001714263858,1.0099983215332031,0.7136040925979614
voice_quality_hnr,mid_40s,male,40s M,GLOBE::train::S_002060::00057675_000001.v2.vad,2.0,/data/waris/code/TVTSynCtrl/results/relgan_raft_hnr_fixed_ablation_paper_v2/20260622_114538/hnr_fixed_full_hybrid_paper_v2_20260622_114538/audio/audio_eval/audio/0062_GLOBE__train__S_002060__00057675_000001_v2_vad_voice_quality_hnr_+2.00.wav,audio/voice_quality_hnr/mid_40s_male/voice_quality_hnr_p2p0.wav,6.84329679917373,4.548205008595304,1.3454267978668213,0.6384741067886353
voice_quality_hnr,mid_40s,male,40s M,GLOBE::train::S_002060::00057675_000001.v2.vad,source,/data/waris/data/GLOBE/data/train/S_002060/wav/00057675_000001.v2.vad.wav,audio/voice_quality_hnr/mid_40s_male/source.wav,,,,
voice_quality_hnr,mid_40s,female,40s F,LibriTTS::6782::6782_61316_000007_000010,-2.0,/data/waris/code/TVTSynCtrl/results/relgan_raft_hnr_fixed_ablation_paper_v2/20260622_114538/hnr_fixed_full_hybrid_paper_v2_20260622_114538/audio/audio_eval/audio/0027_LibriTTS__6782__6782_61316_000007_000010_voice_quality_hnr_-2.00.wav,audio/voice_quality_hnr/mid_40s_female/voice_quality_hnr_m2p0.wav,4.167901629464918,-0.5466504130059135,-0.3793087005615234,0.8345569372177124
voice_quality_hnr,mid_40s,female,40s F,LibriTTS::6782::6782_61316_000007_000010,-1.0,/data/waris/code/TVTSynCtrl/results/relgan_raft_hnr_fixed_ablation_paper_v2/20260622_114538/hnr_fixed_full_hybrid_paper_v2_20260622_114538/audio/audio_eval/audio/0027_LibriTTS__6782__6782_61316_000007_000010_voice_quality_hnr_-1.00.wav,audio/voice_quality_hnr/mid_40s_female/voice_quality_hnr_m1p0.wav,3.704419796121839,-1.0101322463489928,-0.3793087005615234,0.6390718221664429
voice_quality_hnr,mid_40s,female,40s F,LibriTTS::6782::6782_61316_000007_000010,0.0,/data/waris/code/TVTSynCtrl/results/relgan_raft_hnr_fixed_ablation_paper_v2/20260622_114538/hnr_fixed_full_hybrid_paper_v2_20260622_114538/audio/audio_eval/audio/0027_LibriTTS__6782__6782_61316_000007_000010_voice_quality_hnr_+0.00.wav,audio/voice_quality_hnr/mid_40s_female/voice_quality_hnr_p0p0.wav,4.714552042470832,0.0,-0.1145362854003906,0.9043105244636536
voice_quality_hnr,mid_40s,female,40s F,LibriTTS::6782::6782_61316_000007_000010,1.0,/data/waris/code/TVTSynCtrl/results/relgan_raft_hnr_fixed_ablation_paper_v2/20260622_114538/hnr_fixed_full_hybrid_paper_v2_20260622_114538/audio/audio_eval/audio/0027_LibriTTS__6782__6782_61316_000007_000010_voice_quality_hnr_+1.00.wav,audio/voice_quality_hnr/mid_40s_female/voice_quality_hnr_p1p0.wav,9.575776357134725,4.861224314663893,1.027666091918945,0.7543502449989319
voice_quality_hnr,mid_40s,female,40s F,LibriTTS::6782::6782_61316_000007_000010,2.0,/data/waris/code/TVTSynCtrl/results/relgan_raft_hnr_fixed_ablation_paper_v2/20260622_114538/hnr_fixed_full_hybrid_paper_v2_20260622_114538/audio/audio_eval/audio/0027_LibriTTS__6782__6782_61316_000007_000010_voice_quality_hnr_+2.00.wav,audio/voice_quality_hnr/mid_40s_female/voice_quality_hnr_p2p0.wav,19.644417564601703,14.929865522130871,1.6206912994384766,0.6182496547698975
voice_quality_hnr,mid_40s,female,40s F,LibriTTS::6782::6782_61316_000007_000010,source,/data/waris/data/streamVC_data/data/6782/wav/6782_61316_000007_000010.wav,audio/voice_quality_hnr/mid_40s_female/source.wav,,,,
voice_quality_hnr,senior_60s,male,60s M,GLOBE::val::S_010055::00002970_000003.v2.vad,-2.0,/data/waris/code/TVTSynCtrl/results/relgan_raft_hnr_fixed_ablation_paper_v2/20260622_114538/hnr_fixed_full_hybrid_paper_v2_20260622_114538/audio/audio_eval/audio/0165_GLOBE__val__S_010055__00002970_000003_v2_vad_voice_quality_hnr_-2.00.wav,audio/voice_quality_hnr/senior_60s_male/voice_quality_hnr_m2p0.wav,1.423928498681943,-2.49314275048722,-0.0780443549156189,0.8424509763717651
voice_quality_hnr,senior_60s,male,60s M,GLOBE::val::S_010055::00002970_000003.v2.vad,-1.0,/data/waris/code/TVTSynCtrl/results/relgan_raft_hnr_fixed_ablation_paper_v2/20260622_114538/hnr_fixed_full_hybrid_paper_v2_20260622_114538/audio/audio_eval/audio/0165_GLOBE__val__S_010055__00002970_000003_v2_vad_voice_quality_hnr_-1.00.wav,audio/voice_quality_hnr/senior_60s_male/voice_quality_hnr_m1p0.wav,0.8571288548941426,-3.05994239427502,-0.0780443549156189,0.69648277759552
voice_quality_hnr,senior_60s,male,60s M,GLOBE::val::S_010055::00002970_000003.v2.vad,0.0,/data/waris/code/TVTSynCtrl/results/relgan_raft_hnr_fixed_ablation_paper_v2/20260622_114538/hnr_fixed_full_hybrid_paper_v2_20260622_114538/audio/audio_eval/audio/0165_GLOBE__val__S_010055__00002970_000003_v2_vad_voice_quality_hnr_+0.00.wav,audio/voice_quality_hnr/senior_60s_male/voice_quality_hnr_p0p0.wav,3.9170712491691626,0.0,-0.0780443549156189,0.9760140180587769
voice_quality_hnr,senior_60s,male,60s M,GLOBE::val::S_010055::00002970_000003.v2.vad,1.0,/data/waris/code/TVTSynCtrl/results/relgan_raft_hnr_fixed_ablation_paper_v2/20260622_114538/hnr_fixed_full_hybrid_paper_v2_20260622_114538/audio/audio_eval/audio/0165_GLOBE__val__S_010055__00002970_000003_v2_vad_voice_quality_hnr_+1.00.wav,audio/voice_quality_hnr/senior_60s_male/voice_quality_hnr_p1p0.wav,5.799813353731263,1.882742104562101,0.9337885975837708,0.8310878276824951
voice_quality_hnr,senior_60s,male,60s M,GLOBE::val::S_010055::00002970_000003.v2.vad,2.0,/data/waris/code/TVTSynCtrl/results/relgan_raft_hnr_fixed_ablation_paper_v2/20260622_114538/hnr_fixed_full_hybrid_paper_v2_20260622_114538/audio/audio_eval/audio/0165_GLOBE__val__S_010055__00002970_000003_v2_vad_voice_quality_hnr_+2.00.wav,audio/voice_quality_hnr/senior_60s_male/voice_quality_hnr_p2p0.wav,11.297495120826031,7.380423871656869,1.9219555854797363,0.7176687121391296
voice_quality_hnr,senior_60s,male,60s M,GLOBE::val::S_010055::00002970_000003.v2.vad,source,/data/waris/data/GLOBE/data/val/S_010055/wav/00002970_000003.v2.vad.wav,audio/voice_quality_hnr/senior_60s_male/source.wav,,,,
voice_quality_hnr,senior_60s,female,60s F,GLOBE::train::S_013904::00115359_000001.v2.vad,-2.0,/data/waris/code/TVTSynCtrl/results/relgan_raft_hnr_fixed_ablation_paper_v2/20260622_114538/hnr_fixed_full_hybrid_paper_v2_20260622_114538/audio/audio_eval/audio/0111_GLOBE__train__S_013904__00115359_000001_v2_vad_voice_quality_hnr_-2.00.wav,audio/voice_quality_hnr/senior_60s_female/voice_quality_hnr_m2p0.wav,6.752705739138549,-1.0790192563806356,-0.914991021156311,0.6787501573562622
voice_quality_hnr,senior_60s,female,60s F,GLOBE::train::S_013904::00115359_000001.v2.vad,-1.0,/data/waris/code/TVTSynCtrl/results/relgan_raft_hnr_fixed_ablation_paper_v2/20260622_114538/hnr_fixed_full_hybrid_paper_v2_20260622_114538/audio/audio_eval/audio/0111_GLOBE__train__S_013904__00115359_000001_v2_vad_voice_quality_hnr_-1.00.wav,audio/voice_quality_hnr/senior_60s_female/voice_quality_hnr_m1p0.wav,-1.6628305444079037,-9.494555539927088,-0.914991021156311,0.6705008745193481
voice_quality_hnr,senior_60s,female,60s F,GLOBE::train::S_013904::00115359_000001.v2.vad,0.0,/data/waris/code/TVTSynCtrl/results/relgan_raft_hnr_fixed_ablation_paper_v2/20260622_114538/hnr_fixed_full_hybrid_paper_v2_20260622_114538/audio/audio_eval/audio/0111_GLOBE__train__S_013904__00115359_000001_v2_vad_voice_quality_hnr_+0.00.wav,audio/voice_quality_hnr/senior_60s_female/voice_quality_hnr_p0p0.wav,7.831724995519185,0.0,-0.0056692361831665,0.9951472282409668
voice_quality_hnr,senior_60s,female,60s F,GLOBE::train::S_013904::00115359_000001.v2.vad,1.0,/data/waris/code/TVTSynCtrl/results/relgan_raft_hnr_fixed_ablation_paper_v2/20260622_114538/hnr_fixed_full_hybrid_paper_v2_20260622_114538/audio/audio_eval/audio/0111_GLOBE__train__S_013904__00115359_000001_v2_vad_voice_quality_hnr_+1.00.wav,audio/voice_quality_hnr/senior_60s_female/voice_quality_hnr_p1p0.wav,11.334223941614932,3.5024989460957485,1.085008978843689,0.7973818778991699
voice_quality_hnr,senior_60s,female,60s F,GLOBE::train::S_013904::00115359_000001.v2.vad,2.0,/data/waris/code/TVTSynCtrl/results/relgan_raft_hnr_fixed_ablation_paper_v2/20260622_114538/hnr_fixed_full_hybrid_paper_v2_20260622_114538/audio/audio_eval/audio/0111_GLOBE__train__S_013904__00115359_000001_v2_vad_voice_quality_hnr_+2.00.wav,audio/voice_quality_hnr/senior_60s_female/voice_quality_hnr_p2p0.wav,20.65884468303438,12.827119687515196,1.085008978843689,0.6375840902328491
voice_quality_hnr,senior_60s,female,60s F,GLOBE::train::S_013904::00115359_000001.v2.vad,source,/data/waris/data/GLOBE/data/train/S_013904/wav/00115359_000001.v2.vad.wav,audio/voice_quality_hnr/senior_60s_female/source.wav,,,,
