attribute,cohort,item_id,delta,source_path,demo_path,metric_value,speaker_cosine
age,20s M,LibriTTS::7640::7640_111784_000011_000002,-2.0,/data/waris/code/TVTSynCtrl/results/relgan_raft_full/extended_slider_pm2_20260616_112558/audio/audio_eval/audio/0278_LibriTTS__7640__7640_111784_000011_000002_age_-2.00.wav,audio/age/20s_M/LibriTTS__7640__7640_111784_000011_000002__age__m2p0.wav,0.2793105542659759,0.6430886387825012
age,20s M,LibriTTS::7640::7640_111784_000011_000002,-1.0,/data/waris/code/TVTSynCtrl/results/relgan_raft_full/extended_slider_pm2_20260616_112558/audio/audio_eval/audio/0278_LibriTTS__7640__7640_111784_000011_000002_age_-1.00.wav,audio/age/20s_M/LibriTTS__7640__7640_111784_000011_000002__age__m1p0.wav,0.2456269413232803,0.6454768180847168
age,20s M,LibriTTS::7640::7640_111784_000011_000002,0.0,/data/waris/code/TVTSynCtrl/results/relgan_raft_full/extended_slider_pm2_20260616_112558/audio/audio_eval/audio/0278_LibriTTS__7640__7640_111784_000011_000002_age_+0.00.wav,audio/age/20s_M/LibriTTS__7640__7640_111784_000011_000002__age__p0p0.wav,0.4270592033863067,0.8610065579414368
age,20s M,LibriTTS::7640::7640_111784_000011_000002,1.0,/data/waris/code/TVTSynCtrl/results/relgan_raft_full/extended_slider_pm2_20260616_112558/audio/audio_eval/audio/0278_LibriTTS__7640__7640_111784_000011_000002_age_+1.00.wav,audio/age/20s_M/LibriTTS__7640__7640_111784_000011_000002__age__p1p0.wav,0.5985082983970642,0.5829922556877136
age,20s M,LibriTTS::7640::7640_111784_000011_000002,2.0,/data/waris/code/TVTSynCtrl/results/relgan_raft_full/extended_slider_pm2_20260616_112558/audio/audio_eval/audio/0278_LibriTTS__7640__7640_111784_000011_000002_age_+2.00.wav,audio/age/20s_M/LibriTTS__7640__7640_111784_000011_000002__age__p2p0.wav,0.7365695834159851,0.4856587648391723
age,20s F,VoxCeleb1::test::id10286::7I1GtGzVfmw::00011,-2.0,/data/waris/code/TVTSynCtrl/results/relgan_raft_full/extended_slider_pm2_20260616_112558/audio/audio_eval/audio/0240_VoxCeleb1__test__id10286__7I1GtGzVfmw__00011_age_-2.00.wav,audio/age/20s_F/VoxCeleb1__test__id10286__7I1GtGzVfmw__00011__age__m2p0.wav,0.2351809293031692,0.6139265894889832
age,20s F,VoxCeleb1::test::id10286::7I1GtGzVfmw::00011,-1.0,/data/waris/code/TVTSynCtrl/results/relgan_raft_full/extended_slider_pm2_20260616_112558/audio/audio_eval/audio/0240_VoxCeleb1__test__id10286__7I1GtGzVfmw__00011_age_-1.00.wav,audio/age/20s_F/VoxCeleb1__test__id10286__7I1GtGzVfmw__00011__age__m1p0.wav,0.2395137101411819,0.4638495743274688
age,20s F,VoxCeleb1::test::id10286::7I1GtGzVfmw::00011,0.0,/data/waris/code/TVTSynCtrl/results/relgan_raft_full/extended_slider_pm2_20260616_112558/audio/audio_eval/audio/0240_VoxCeleb1__test__id10286__7I1GtGzVfmw__00011_age_+0.00.wav,audio/age/20s_F/VoxCeleb1__test__id10286__7I1GtGzVfmw__00011__age__p0p0.wav,0.4083732962608337,0.8819040060043335
age,20s F,VoxCeleb1::test::id10286::7I1GtGzVfmw::00011,1.0,/data/waris/code/TVTSynCtrl/results/relgan_raft_full/extended_slider_pm2_20260616_112558/audio/audio_eval/audio/0240_VoxCeleb1__test__id10286__7I1GtGzVfmw__00011_age_+1.00.wav,audio/age/20s_F/VoxCeleb1__test__id10286__7I1GtGzVfmw__00011__age__p1p0.wav,0.5889710187911987,0.47987961769104
age,20s F,VoxCeleb1::test::id10286::7I1GtGzVfmw::00011,2.0,/data/waris/code/TVTSynCtrl/results/relgan_raft_full/extended_slider_pm2_20260616_112558/audio/audio_eval/audio/0240_VoxCeleb1__test__id10286__7I1GtGzVfmw__00011_age_+2.00.wav,audio/age/20s_F/VoxCeleb1__test__id10286__7I1GtGzVfmw__00011__age__p2p0.wav,0.7574814558029175,0.5127540826797485
age,40s M,NaturalVoices::MSP-PODCAST_1632::MSP-PODCAST_1632_104,-2.0,/data/waris/code/TVTSynCtrl/results/relgan_raft_full/extended_slider_pm2_20260616_112558/audio/audio_eval/audio/0082_NaturalVoices__MSP_PODCAST_1632__MSP_PODCAST_1632_104_age_-2.00.wav,audio/age/40s_M/NaturalVoices__MSP-PODCAST_1632__MSP-PODCAST_1632_104__age__m2p0.wav,0.1571812182664871,0.6276807188987732
age,40s M,NaturalVoices::MSP-PODCAST_1632::MSP-PODCAST_1632_104,-1.0,/data/waris/code/TVTSynCtrl/results/relgan_raft_full/extended_slider_pm2_20260616_112558/audio/audio_eval/audio/0082_NaturalVoices__MSP_PODCAST_1632__MSP_PODCAST_1632_104_age_-1.00.wav,audio/age/40s_M/NaturalVoices__MSP-PODCAST_1632__MSP-PODCAST_1632_104__age__m1p0.wav,0.2516577243804931,0.6774484515190125
age,40s M,NaturalVoices::MSP-PODCAST_1632::MSP-PODCAST_1632_104,0.0,/data/waris/code/TVTSynCtrl/results/relgan_raft_full/extended_slider_pm2_20260616_112558/audio/audio_eval/audio/0082_NaturalVoices__MSP_PODCAST_1632__MSP_PODCAST_1632_104_age_+0.00.wav,audio/age/40s_M/NaturalVoices__MSP-PODCAST_1632__MSP-PODCAST_1632_104__age__p0p0.wav,0.4159832298755646,0.92445707321167
age,40s M,NaturalVoices::MSP-PODCAST_1632::MSP-PODCAST_1632_104,1.0,/data/waris/code/TVTSynCtrl/results/relgan_raft_full/extended_slider_pm2_20260616_112558/audio/audio_eval/audio/0082_NaturalVoices__MSP_PODCAST_1632__MSP_PODCAST_1632_104_age_+1.00.wav,audio/age/40s_M/NaturalVoices__MSP-PODCAST_1632__MSP-PODCAST_1632_104__age__p1p0.wav,0.7103670239448547,0.5632047653198242
age,40s M,NaturalVoices::MSP-PODCAST_1632::MSP-PODCAST_1632_104,2.0,/data/waris/code/TVTSynCtrl/results/relgan_raft_full/extended_slider_pm2_20260616_112558/audio/audio_eval/audio/0082_NaturalVoices__MSP_PODCAST_1632__MSP_PODCAST_1632_104_age_+2.00.wav,audio/age/40s_M/NaturalVoices__MSP-PODCAST_1632__MSP-PODCAST_1632_104__age__p2p0.wav,0.7721758484840393,0.6161087155342102
age,40s F,GLOBE::train::S_017018::00105921_000004.v2.vad,-2.0,/data/waris/code/TVTSynCtrl/results/relgan_raft_full/extended_slider_pm2_20260616_112558/audio/audio_eval/audio/0015_GLOBE__train__S_017018__00105921_000004_v2_vad_age_-2.00.wav,audio/age/40s_F/GLOBE__train__S_017018__00105921_000004_v2_vad__age__m2p0.wav,0.2028981000185012,0.5824674367904663
age,40s F,GLOBE::train::S_017018::00105921_000004.v2.vad,-1.0,/data/waris/code/TVTSynCtrl/results/relgan_raft_full/extended_slider_pm2_20260616_112558/audio/audio_eval/audio/0015_GLOBE__train__S_017018__00105921_000004_v2_vad_age_-1.00.wav,audio/age/40s_F/GLOBE__train__S_017018__00105921_000004_v2_vad__age__m1p0.wav,0.2874937653541565,0.5864177942276001
age,40s F,GLOBE::train::S_017018::00105921_000004.v2.vad,0.0,/data/waris/code/TVTSynCtrl/results/relgan_raft_full/extended_slider_pm2_20260616_112558/audio/audio_eval/audio/0015_GLOBE__train__S_017018__00105921_000004_v2_vad_age_+0.00.wav,audio/age/40s_F/GLOBE__train__S_017018__00105921_000004_v2_vad__age__p0p0.wav,0.519750714302063,0.8862035274505615
age,40s F,GLOBE::train::S_017018::00105921_000004.v2.vad,1.0,/data/waris/code/TVTSynCtrl/results/relgan_raft_full/extended_slider_pm2_20260616_112558/audio/audio_eval/audio/0015_GLOBE__train__S_017018__00105921_000004_v2_vad_age_+1.00.wav,audio/age/40s_F/GLOBE__train__S_017018__00105921_000004_v2_vad__age__p1p0.wav,0.7081012725830078,0.6200848817825317
age,40s F,GLOBE::train::S_017018::00105921_000004.v2.vad,2.0,/data/waris/code/TVTSynCtrl/results/relgan_raft_full/extended_slider_pm2_20260616_112558/audio/audio_eval/audio/0015_GLOBE__train__S_017018__00105921_000004_v2_vad_age_+2.00.wav,audio/age/40s_F/GLOBE__train__S_017018__00105921_000004_v2_vad__age__p2p0.wav,0.8092963099479675,0.5787374973297119
age,60s M,LibriTTS::6804::6804_79287_000013_000013,-2.0,/data/waris/code/TVTSynCtrl/results/relgan_raft_full/extended_slider_pm2_20260616_112558/audio/audio_eval/audio/0176_LibriTTS__6804__6804_79287_000013_000013_age_-2.00.wav,audio/age/60s_M/LibriTTS__6804__6804_79287_000013_000013__age__m2p0.wav,0.1978827714920044,0.5633925199508667
age,60s M,LibriTTS::6804::6804_79287_000013_000013,-1.0,/data/waris/code/TVTSynCtrl/results/relgan_raft_full/extended_slider_pm2_20260616_112558/audio/audio_eval/audio/0176_LibriTTS__6804__6804_79287_000013_000013_age_-1.00.wav,audio/age/60s_M/LibriTTS__6804__6804_79287_000013_000013__age__m1p0.wav,0.4071718752384186,0.6443774700164795
age,60s M,LibriTTS::6804::6804_79287_000013_000013,0.0,/data/waris/code/TVTSynCtrl/results/relgan_raft_full/extended_slider_pm2_20260616_112558/audio/audio_eval/audio/0176_LibriTTS__6804__6804_79287_000013_000013_age_+0.00.wav,audio/age/60s_M/LibriTTS__6804__6804_79287_000013_000013__age__p0p0.wav,0.5884671807289124,0.8971331119537354
age,60s M,LibriTTS::6804::6804_79287_000013_000013,1.0,/data/waris/code/TVTSynCtrl/results/relgan_raft_full/extended_slider_pm2_20260616_112558/audio/audio_eval/audio/0176_LibriTTS__6804__6804_79287_000013_000013_age_+1.00.wav,audio/age/60s_M/LibriTTS__6804__6804_79287_000013_000013__age__p1p0.wav,0.7385895848274231,0.4962781965732574
age,60s M,LibriTTS::6804::6804_79287_000013_000013,2.0,/data/waris/code/TVTSynCtrl/results/relgan_raft_full/extended_slider_pm2_20260616_112558/audio/audio_eval/audio/0176_LibriTTS__6804__6804_79287_000013_000013_age_+2.00.wav,audio/age/60s_M/LibriTTS__6804__6804_79287_000013_000013__age__p2p0.wav,0.7630716562271118,0.5204831957817078
age,60s F,NaturalVoices::MSP-PODCAST_5606::MSP-PODCAST_5606_43,-2.0,/data/waris/code/TVTSynCtrl/results/relgan_raft_full/extended_slider_pm2_20260616_112558/audio/audio_eval/audio/0136_NaturalVoices__MSP_PODCAST_5606__MSP_PODCAST_5606_43_age_-2.00.wav,audio/age/60s_F/NaturalVoices__MSP-PODCAST_5606__MSP-PODCAST_5606_43__age__m2p0.wav,0.2946874797344208,0.5497551560401917
age,60s F,NaturalVoices::MSP-PODCAST_5606::MSP-PODCAST_5606_43,-1.0,/data/waris/code/TVTSynCtrl/results/relgan_raft_full/extended_slider_pm2_20260616_112558/audio/audio_eval/audio/0136_NaturalVoices__MSP_PODCAST_5606__MSP_PODCAST_5606_43_age_-1.00.wav,audio/age/60s_F/NaturalVoices__MSP-PODCAST_5606__MSP-PODCAST_5606_43__age__m1p0.wav,0.3941797614097595,0.6550478935241699
age,60s F,NaturalVoices::MSP-PODCAST_5606::MSP-PODCAST_5606_43,0.0,/data/waris/code/TVTSynCtrl/results/relgan_raft_full/extended_slider_pm2_20260616_112558/audio/audio_eval/audio/0136_NaturalVoices__MSP_PODCAST_5606__MSP_PODCAST_5606_43_age_+0.00.wav,audio/age/60s_F/NaturalVoices__MSP-PODCAST_5606__MSP-PODCAST_5606_43__age__p0p0.wav,0.4876039922237396,0.8869590759277344
age,60s F,NaturalVoices::MSP-PODCAST_5606::MSP-PODCAST_5606_43,1.0,/data/waris/code/TVTSynCtrl/results/relgan_raft_full/extended_slider_pm2_20260616_112558/audio/audio_eval/audio/0136_NaturalVoices__MSP_PODCAST_5606__MSP_PODCAST_5606_43_age_+1.00.wav,audio/age/60s_F/NaturalVoices__MSP-PODCAST_5606__MSP-PODCAST_5606_43__age__p1p0.wav,0.718991756439209,0.7072994112968445
age,60s F,NaturalVoices::MSP-PODCAST_5606::MSP-PODCAST_5606_43,2.0,/data/waris/code/TVTSynCtrl/results/relgan_raft_full/extended_slider_pm2_20260616_112558/audio/audio_eval/audio/0136_NaturalVoices__MSP_PODCAST_5606__MSP_PODCAST_5606_43_age_+2.00.wav,audio/age/60s_F/NaturalVoices__MSP-PODCAST_5606__MSP-PODCAST_5606_43__age__p2p0.wav,0.7622194886207581,0.7003904581069946
gender_male,20s M,GLOBE::train::S_002333::00266973_000004.v2.vad,-2.0,/data/waris/code/TVTSynCtrl/results/relgan_raft_full/extended_slider_pm2_20260616_112558/audio/audio_eval/audio/0261_GLOBE__train__S_002333__00266973_000004_v2_vad_gender_male_-2.00.wav,audio/gender_male/20s_M/GLOBE__train__S_002333__00266973_000004_v2_vad__gender_male__m2p0.wav,0.0006940852617844,0.7325707674026489
gender_male,20s M,GLOBE::train::S_002333::00266973_000004.v2.vad,-1.0,/data/waris/code/TVTSynCtrl/results/relgan_raft_full/extended_slider_pm2_20260616_112558/audio/audio_eval/audio/0261_GLOBE__train__S_002333__00266973_000004_v2_vad_gender_male_-1.00.wav,audio/gender_male/20s_M/GLOBE__train__S_002333__00266973_000004_v2_vad__gender_male__m1p0.wav,0.0990654975175857,0.7855005264282227
gender_male,20s M,GLOBE::train::S_002333::00266973_000004.v2.vad,0.0,/data/waris/code/TVTSynCtrl/results/relgan_raft_full/extended_slider_pm2_20260616_112558/audio/audio_eval/audio/0261_GLOBE__train__S_002333__00266973_000004_v2_vad_gender_male_+0.00.wav,audio/gender_male/20s_M/GLOBE__train__S_002333__00266973_000004_v2_vad__gender_male__p0p0.wav,0.9948563575744628,0.8346444368362427
gender_male,20s M,GLOBE::train::S_002333::00266973_000004.v2.vad,1.0,/data/waris/code/TVTSynCtrl/results/relgan_raft_full/extended_slider_pm2_20260616_112558/audio/audio_eval/audio/0261_GLOBE__train__S_002333__00266973_000004_v2_vad_gender_male_+1.00.wav,audio/gender_male/20s_M/GLOBE__train__S_002333__00266973_000004_v2_vad__gender_male__p1p0.wav,0.9981934428215028,0.6376333832740784
gender_male,20s M,GLOBE::train::S_002333::00266973_000004.v2.vad,2.0,/data/waris/code/TVTSynCtrl/results/relgan_raft_full/extended_slider_pm2_20260616_112558/audio/audio_eval/audio/0261_GLOBE__train__S_002333__00266973_000004_v2_vad_gender_male_+2.00.wav,audio/gender_male/20s_M/GLOBE__train__S_002333__00266973_000004_v2_vad__gender_male__p2p0.wav,0.9968186616897584,0.7070587873458862
gender_male,20s F,VoxCeleb1::train::id10599::Uw3u4E2RjuA::00002,-2.0,/data/waris/code/TVTSynCtrl/results/relgan_raft_full/extended_slider_pm2_20260616_112558/audio/audio_eval/audio/0246_VoxCeleb1__train__id10599__Uw3u4E2RjuA__00002_gender_male_-2.00.wav,audio/gender_male/20s_F/VoxCeleb1__train__id10599__Uw3u4E2RjuA__00002__gender_male__m2p0.wav,0.003215801436454,0.7227356433868408
gender_male,20s F,VoxCeleb1::train::id10599::Uw3u4E2RjuA::00002,-1.0,/data/waris/code/TVTSynCtrl/results/relgan_raft_full/extended_slider_pm2_20260616_112558/audio/audio_eval/audio/0246_VoxCeleb1__train__id10599__Uw3u4E2RjuA__00002_gender_male_-1.00.wav,audio/gender_male/20s_F/VoxCeleb1__train__id10599__Uw3u4E2RjuA__00002__gender_male__m1p0.wav,0.0059433751739561,0.8396884202957153
gender_male,20s F,VoxCeleb1::train::id10599::Uw3u4E2RjuA::00002,0.0,/data/waris/code/TVTSynCtrl/results/relgan_raft_full/extended_slider_pm2_20260616_112558/audio/audio_eval/audio/0246_VoxCeleb1__train__id10599__Uw3u4E2RjuA__00002_gender_male_+0.00.wav,audio/gender_male/20s_F/VoxCeleb1__train__id10599__Uw3u4E2RjuA__00002__gender_male__p0p0.wav,0.0065911528654396,0.888863205909729
gender_male,20s F,VoxCeleb1::train::id10599::Uw3u4E2RjuA::00002,1.0,/data/waris/code/TVTSynCtrl/results/relgan_raft_full/extended_slider_pm2_20260616_112558/audio/audio_eval/audio/0246_VoxCeleb1__train__id10599__Uw3u4E2RjuA__00002_gender_male_+1.00.wav,audio/gender_male/20s_F/VoxCeleb1__train__id10599__Uw3u4E2RjuA__00002__gender_male__p1p0.wav,0.8137451410293579,0.6015344262123108
gender_male,20s F,VoxCeleb1::train::id10599::Uw3u4E2RjuA::00002,2.0,/data/waris/code/TVTSynCtrl/results/relgan_raft_full/extended_slider_pm2_20260616_112558/audio/audio_eval/audio/0246_VoxCeleb1__train__id10599__Uw3u4E2RjuA__00002_gender_male_+2.00.wav,audio/gender_male/20s_F/VoxCeleb1__train__id10599__Uw3u4E2RjuA__00002__gender_male__p2p0.wav,0.9963461756706238,0.5948593616485596
gender_male,40s M,GLOBE::train::S_018363::00431096_000005.v2.vad,-2.0,/data/waris/code/TVTSynCtrl/results/relgan_raft_full/extended_slider_pm2_20260616_112558/audio/audio_eval/audio/0068_GLOBE__train__S_018363__00431096_000005_v2_vad_gender_male_-2.00.wav,audio/gender_male/40s_M/GLOBE__train__S_018363__00431096_000005_v2_vad__gender_male__m2p0.wav,0.0009602409554645,0.6941546201705933
gender_male,40s M,GLOBE::train::S_018363::00431096_000005.v2.vad,-1.0,/data/waris/code/TVTSynCtrl/results/relgan_raft_full/extended_slider_pm2_20260616_112558/audio/audio_eval/audio/0068_GLOBE__train__S_018363__00431096_000005_v2_vad_gender_male_-1.00.wav,audio/gender_male/40s_M/GLOBE__train__S_018363__00431096_000005_v2_vad__gender_male__m1p0.wav,0.1948194950819015,0.8031365871429443
gender_male,40s M,GLOBE::train::S_018363::00431096_000005.v2.vad,0.0,/data/waris/code/TVTSynCtrl/results/relgan_raft_full/extended_slider_pm2_20260616_112558/audio/audio_eval/audio/0068_GLOBE__train__S_018363__00431096_000005_v2_vad_gender_male_+0.00.wav,audio/gender_male/40s_M/GLOBE__train__S_018363__00431096_000005_v2_vad__gender_male__p0p0.wav,0.7515212297439575,0.8630673885345459
gender_male,40s M,GLOBE::train::S_018363::00431096_000005.v2.vad,1.0,/data/waris/code/TVTSynCtrl/results/relgan_raft_full/extended_slider_pm2_20260616_112558/audio/audio_eval/audio/0068_GLOBE__train__S_018363__00431096_000005_v2_vad_gender_male_+1.00.wav,audio/gender_male/40s_M/GLOBE__train__S_018363__00431096_000005_v2_vad__gender_male__p1p0.wav,0.9953476786613464,0.608271598815918
gender_male,40s M,GLOBE::train::S_018363::00431096_000005.v2.vad,2.0,/data/waris/code/TVTSynCtrl/results/relgan_raft_full/extended_slider_pm2_20260616_112558/audio/audio_eval/audio/0068_GLOBE__train__S_018363__00431096_000005_v2_vad_gender_male_+2.00.wav,audio/gender_male/40s_M/GLOBE__train__S_018363__00431096_000005_v2_vad__gender_male__p2p0.wav,0.9944032430648804,0.724131166934967
gender_male,40s F,NaturalVoices::MSP-PODCAST_0478::MSP-PODCAST_0478_1,-2.0,/data/waris/code/TVTSynCtrl/results/relgan_raft_full/extended_slider_pm2_20260616_112558/audio/audio_eval/audio/0030_NaturalVoices__MSP_PODCAST_0478__MSP_PODCAST_0478_1_gender_male_-2.00.wav,audio/gender_male/40s_F/NaturalVoices__MSP-PODCAST_0478__MSP-PODCAST_0478_1__gender_male__m2p0.wav,0.0017010404262691,0.6684229373931885
gender_male,40s F,NaturalVoices::MSP-PODCAST_0478::MSP-PODCAST_0478_1,-1.0,/data/waris/code/TVTSynCtrl/results/relgan_raft_full/extended_slider_pm2_20260616_112558/audio/audio_eval/audio/0030_NaturalVoices__MSP_PODCAST_0478__MSP_PODCAST_0478_1_gender_male_-1.00.wav,audio/gender_male/40s_F/NaturalVoices__MSP-PODCAST_0478__MSP-PODCAST_0478_1__gender_male__m1p0.wav,0.0011520235566422,0.51833575963974
gender_male,40s F,NaturalVoices::MSP-PODCAST_0478::MSP-PODCAST_0478_1,0.0,/data/waris/code/TVTSynCtrl/results/relgan_raft_full/extended_slider_pm2_20260616_112558/audio/audio_eval/audio/0030_NaturalVoices__MSP_PODCAST_0478__MSP_PODCAST_0478_1_gender_male_+0.00.wav,audio/gender_male/40s_F/NaturalVoices__MSP-PODCAST_0478__MSP-PODCAST_0478_1__gender_male__p0p0.wav,0.5250779390335083,0.818129301071167
gender_male,40s F,NaturalVoices::MSP-PODCAST_0478::MSP-PODCAST_0478_1,1.0,/data/waris/code/TVTSynCtrl/results/relgan_raft_full/extended_slider_pm2_20260616_112558/audio/audio_eval/audio/0030_NaturalVoices__MSP_PODCAST_0478__MSP_PODCAST_0478_1_gender_male_+1.00.wav,audio/gender_male/40s_F/NaturalVoices__MSP-PODCAST_0478__MSP-PODCAST_0478_1__gender_male__p1p0.wav,0.9754281640052797,0.6163869500160217
gender_male,40s F,NaturalVoices::MSP-PODCAST_0478::MSP-PODCAST_0478_1,2.0,/data/waris/code/TVTSynCtrl/results/relgan_raft_full/extended_slider_pm2_20260616_112558/audio/audio_eval/audio/0030_NaturalVoices__MSP_PODCAST_0478__MSP_PODCAST_0478_1_gender_male_+2.00.wav,audio/gender_male/40s_F/NaturalVoices__MSP-PODCAST_0478__MSP-PODCAST_0478_1__gender_male__p2p0.wav,0.9536284804344176,0.6598901748657227
gender_male,60s M,LibriTTS::3955::3955_181692_000011_000004,-2.0,/data/waris/code/TVTSynCtrl/results/relgan_raft_full/extended_slider_pm2_20260616_112558/audio/audio_eval/audio/0173_LibriTTS__3955__3955_181692_000011_000004_gender_male_-2.00.wav,audio/gender_male/60s_M/LibriTTS__3955__3955_181692_000011_000004__gender_male__m2p0.wav,0.0009802964050322,0.747512936592102
gender_male,60s M,LibriTTS::3955::3955_181692_000011_000004,-1.0,/data/waris/code/TVTSynCtrl/results/relgan_raft_full/extended_slider_pm2_20260616_112558/audio/audio_eval/audio/0173_LibriTTS__3955__3955_181692_000011_000004_gender_male_-1.00.wav,audio/gender_male/60s_M/LibriTTS__3955__3955_181692_000011_000004__gender_male__m1p0.wav,0.2801722586154938,0.6246092915534973
gender_male,60s M,LibriTTS::3955::3955_181692_000011_000004,0.0,/data/waris/code/TVTSynCtrl/results/relgan_raft_full/extended_slider_pm2_20260616_112558/audio/audio_eval/audio/0173_LibriTTS__3955__3955_181692_000011_000004_gender_male_+0.00.wav,audio/gender_male/60s_M/LibriTTS__3955__3955_181692_000011_000004__gender_male__p0p0.wav,0.7893127799034119,0.8863914012908936
gender_male,60s M,LibriTTS::3955::3955_181692_000011_000004,1.0,/data/waris/code/TVTSynCtrl/results/relgan_raft_full/extended_slider_pm2_20260616_112558/audio/audio_eval/audio/0173_LibriTTS__3955__3955_181692_000011_000004_gender_male_+1.00.wav,audio/gender_male/60s_M/LibriTTS__3955__3955_181692_000011_000004__gender_male__p1p0.wav,0.9971550703048706,0.6019197702407837
gender_male,60s M,LibriTTS::3955::3955_181692_000011_000004,2.0,/data/waris/code/TVTSynCtrl/results/relgan_raft_full/extended_slider_pm2_20260616_112558/audio/audio_eval/audio/0173_LibriTTS__3955__3955_181692_000011_000004_gender_male_+2.00.wav,audio/gender_male/60s_M/LibriTTS__3955__3955_181692_000011_000004__gender_male__p2p0.wav,0.989014208316803,0.6740550398826599
gender_male,60s F,LibriTTS::1752::1752_16632_000036_000011,-2.0,/data/waris/code/TVTSynCtrl/results/relgan_raft_full/extended_slider_pm2_20260616_112558/audio/audio_eval/audio/0117_LibriTTS__1752__1752_16632_000036_000011_gender_male_-2.00.wav,audio/gender_male/60s_F/LibriTTS__1752__1752_16632_000036_000011__gender_male__m2p0.wav,0.0008025108254514,0.72702956199646
gender_male,60s F,LibriTTS::1752::1752_16632_000036_000011,-1.0,/data/waris/code/TVTSynCtrl/results/relgan_raft_full/extended_slider_pm2_20260616_112558/audio/audio_eval/audio/0117_LibriTTS__1752__1752_16632_000036_000011_gender_male_-1.00.wav,audio/gender_male/60s_F/LibriTTS__1752__1752_16632_000036_000011__gender_male__m1p0.wav,0.0008899171371012,0.877545952796936
gender_male,60s F,LibriTTS::1752::1752_16632_000036_000011,0.0,/data/waris/code/TVTSynCtrl/results/relgan_raft_full/extended_slider_pm2_20260616_112558/audio/audio_eval/audio/0117_LibriTTS__1752__1752_16632_000036_000011_gender_male_+0.00.wav,audio/gender_male/60s_F/LibriTTS__1752__1752_16632_000036_000011__gender_male__p0p0.wav,0.0015328862937167,0.9248330593109132
gender_male,60s F,LibriTTS::1752::1752_16632_000036_000011,1.0,/data/waris/code/TVTSynCtrl/results/relgan_raft_full/extended_slider_pm2_20260616_112558/audio/audio_eval/audio/0117_LibriTTS__1752__1752_16632_000036_000011_gender_male_+1.00.wav,audio/gender_male/60s_F/LibriTTS__1752__1752_16632_000036_000011__gender_male__p1p0.wav,0.5095044374465942,0.6541443467140198
gender_male,60s F,LibriTTS::1752::1752_16632_000036_000011,2.0,/data/waris/code/TVTSynCtrl/results/relgan_raft_full/extended_slider_pm2_20260616_112558/audio/audio_eval/audio/0117_LibriTTS__1752__1752_16632_000036_000011_gender_male_+2.00.wav,audio/gender_male/60s_F/LibriTTS__1752__1752_16632_000036_000011__gender_male__p2p0.wav,0.9914503693580629,0.6931361556053162
pitch,20s M,NaturalVoices::MSP-PODCAST_0658::MSP-PODCAST_0658_440,-2.0,/data/waris/code/TVTSynCtrl/results/relgan_raft_full/extended_slider_pm2_20260616_112558/audio/audio_eval/audio/0281_NaturalVoices__MSP_PODCAST_0658__MSP_PODCAST_0658_440_pitch_-2.00.wav,audio/pitch/20s_M/NaturalVoices__MSP-PODCAST_0658__MSP-PODCAST_0658_440__pitch__m2p0.wav,4.571579984119737,0.716040849685669
pitch,20s M,NaturalVoices::MSP-PODCAST_0658::MSP-PODCAST_0658_440,-1.0,/data/waris/code/TVTSynCtrl/results/relgan_raft_full/extended_slider_pm2_20260616_112558/audio/audio_eval/audio/0281_NaturalVoices__MSP_PODCAST_0658__MSP_PODCAST_0658_440_pitch_-1.00.wav,audio/pitch/20s_M/NaturalVoices__MSP-PODCAST_0658__MSP-PODCAST_0658_440__pitch__m1p0.wav,4.590318786350038,0.8061121106147766
pitch,20s M,NaturalVoices::MSP-PODCAST_0658::MSP-PODCAST_0658_440,0.0,/data/waris/code/TVTSynCtrl/results/relgan_raft_full/extended_slider_pm2_20260616_112558/audio/audio_eval/audio/0281_NaturalVoices__MSP_PODCAST_0658__MSP_PODCAST_0658_440_pitch_+0.00.wav,audio/pitch/20s_M/NaturalVoices__MSP-PODCAST_0658__MSP-PODCAST_0658_440__pitch__p0p0.wav,4.957183211409537,0.8703140020370483
pitch,20s M,NaturalVoices::MSP-PODCAST_0658::MSP-PODCAST_0658_440,1.0,/data/waris/code/TVTSynCtrl/results/relgan_raft_full/extended_slider_pm2_20260616_112558/audio/audio_eval/audio/0281_NaturalVoices__MSP_PODCAST_0658__MSP_PODCAST_0658_440_pitch_+1.00.wav,audio/pitch/20s_M/NaturalVoices__MSP-PODCAST_0658__MSP-PODCAST_0658_440__pitch__p1p0.wav,5.3201835729019376,0.6610652804374695
pitch,20s M,NaturalVoices::MSP-PODCAST_0658::MSP-PODCAST_0658_440,2.0,/data/waris/code/TVTSynCtrl/results/relgan_raft_full/extended_slider_pm2_20260616_112558/audio/audio_eval/audio/0281_NaturalVoices__MSP_PODCAST_0658__MSP_PODCAST_0658_440_pitch_+2.00.wav,audio/pitch/20s_M/NaturalVoices__MSP-PODCAST_0658__MSP-PODCAST_0658_440__pitch__p2p0.wav,5.524046726388415,0.6308681964874268
pitch,20s F,GLOBE::train::S_008132::00022382_000004.v2.vad,-2.0,/data/waris/code/TVTSynCtrl/results/relgan_raft_full/extended_slider_pm2_20260616_112558/audio/audio_eval/audio/0212_GLOBE__train__S_008132__00022382_000004_v2_vad_pitch_-2.00.wav,audio/pitch/20s_F/GLOBE__train__S_008132__00022382_000004_v2_vad__pitch__m2p0.wav,4.550986785513,0.765950620174408
pitch,20s F,GLOBE::train::S_008132::00022382_000004.v2.vad,-1.0,/data/waris/code/TVTSynCtrl/results/relgan_raft_full/extended_slider_pm2_20260616_112558/audio/audio_eval/audio/0212_GLOBE__train__S_008132__00022382_000004_v2_vad_pitch_-1.00.wav,audio/pitch/20s_F/GLOBE__train__S_008132__00022382_000004_v2_vad__pitch__m1p0.wav,4.892628975480506,0.7600266337394714
pitch,20s F,GLOBE::train::S_008132::00022382_000004.v2.vad,0.0,/data/waris/code/TVTSynCtrl/results/relgan_raft_full/extended_slider_pm2_20260616_112558/audio/audio_eval/audio/0212_GLOBE__train__S_008132__00022382_000004_v2_vad_pitch_+0.00.wav,audio/pitch/20s_F/GLOBE__train__S_008132__00022382_000004_v2_vad__pitch__p0p0.wav,5.2526514663367125,0.8906720876693726
pitch,20s F,GLOBE::train::S_008132::00022382_000004.v2.vad,1.0,/data/waris/code/TVTSynCtrl/results/relgan_raft_full/extended_slider_pm2_20260616_112558/audio/audio_eval/audio/0212_GLOBE__train__S_008132__00022382_000004_v2_vad_pitch_+1.00.wav,audio/pitch/20s_F/GLOBE__train__S_008132__00022382_000004_v2_vad__pitch__p1p0.wav,5.435187049489159,0.7712687849998474
pitch,20s F,GLOBE::train::S_008132::00022382_000004.v2.vad,2.0,/data/waris/code/TVTSynCtrl/results/relgan_raft_full/extended_slider_pm2_20260616_112558/audio/audio_eval/audio/0212_GLOBE__train__S_008132__00022382_000004_v2_vad_pitch_+2.00.wav,audio/pitch/20s_F/GLOBE__train__S_008132__00022382_000004_v2_vad__pitch__p2p0.wav,5.46037068981588,0.7562679052352905
pitch,40s M,LibriTTS::90::90_130566_000006_000001,-2.0,/data/waris/code/TVTSynCtrl/results/relgan_raft_full/extended_slider_pm2_20260616_112558/audio/audio_eval/audio/0079_LibriTTS__90__90_130566_000006_000001_pitch_-2.00.wav,audio/pitch/40s_M/LibriTTS__90__90_130566_000006_000001__pitch__m2p0.wav,4.569374638082222,0.784748375415802
pitch,40s M,LibriTTS::90::90_130566_000006_000001,-1.0,/data/waris/code/TVTSynCtrl/results/relgan_raft_full/extended_slider_pm2_20260616_112558/audio/audio_eval/audio/0079_LibriTTS__90__90_130566_000006_000001_pitch_-1.00.wav,audio/pitch/40s_M/LibriTTS__90__90_130566_000006_000001__pitch__m1p0.wav,4.615683626010981,0.7197366952896118
pitch,40s M,LibriTTS::90::90_130566_000006_000001,0.0,/data/waris/code/TVTSynCtrl/results/relgan_raft_full/extended_slider_pm2_20260616_112558/audio/audio_eval/audio/0079_LibriTTS__90__90_130566_000006_000001_pitch_+0.00.wav,audio/pitch/40s_M/LibriTTS__90__90_130566_000006_000001__pitch__p0p0.wav,4.943629518547428,0.8972585797309875
pitch,40s M,LibriTTS::90::90_130566_000006_000001,1.0,/data/waris/code/TVTSynCtrl/results/relgan_raft_full/extended_slider_pm2_20260616_112558/audio/audio_eval/audio/0079_LibriTTS__90__90_130566_000006_000001_pitch_+1.00.wav,audio/pitch/40s_M/LibriTTS__90__90_130566_000006_000001__pitch__p1p0.wav,5.312348900558551,0.6633937954902649
pitch,40s M,LibriTTS::90::90_130566_000006_000001,2.0,/data/waris/code/TVTSynCtrl/results/relgan_raft_full/extended_slider_pm2_20260616_112558/audio/audio_eval/audio/0079_LibriTTS__90__90_130566_000006_000001_pitch_+2.00.wav,audio/pitch/40s_M/LibriTTS__90__90_130566_000006_000001__pitch__p2p0.wav,5.497829081776084,0.7115075588226318
pitch,40s F,LibriTTS::7481::7481_101276_000071_000000,-2.0,/data/waris/code/TVTSynCtrl/results/relgan_raft_full/extended_slider_pm2_20260616_112558/audio/audio_eval/audio/0029_LibriTTS__7481__7481_101276_000071_000000_pitch_-2.00.wav,audio/pitch/40s_F/LibriTTS__7481__7481_101276_000071_000000__pitch__m2p0.wav,4.525104396029708,0.7625181674957275
pitch,40s F,LibriTTS::7481::7481_101276_000071_000000,-1.0,/data/waris/code/TVTSynCtrl/results/relgan_raft_full/extended_slider_pm2_20260616_112558/audio/audio_eval/audio/0029_LibriTTS__7481__7481_101276_000071_000000_pitch_-1.00.wav,audio/pitch/40s_F/LibriTTS__7481__7481_101276_000071_000000__pitch__m1p0.wav,4.540187802001906,0.8609967231750488
pitch,40s F,LibriTTS::7481::7481_101276_000071_000000,0.0,/data/waris/code/TVTSynCtrl/results/relgan_raft_full/extended_slider_pm2_20260616_112558/audio/audio_eval/audio/0029_LibriTTS__7481__7481_101276_000071_000000_pitch_+0.00.wav,audio/pitch/40s_F/LibriTTS__7481__7481_101276_000071_000000__pitch__p0p0.wav,5.041714815164172,0.91061270236969
pitch,40s F,LibriTTS::7481::7481_101276_000071_000000,1.0,/data/waris/code/TVTSynCtrl/results/relgan_raft_full/extended_slider_pm2_20260616_112558/audio/audio_eval/audio/0029_LibriTTS__7481__7481_101276_000071_000000_pitch_+1.00.wav,audio/pitch/40s_F/LibriTTS__7481__7481_101276_000071_000000__pitch__p1p0.wav,5.400222151928526,0.5179789662361145
pitch,40s F,LibriTTS::7481::7481_101276_000071_000000,2.0,/data/waris/code/TVTSynCtrl/results/relgan_raft_full/extended_slider_pm2_20260616_112558/audio/audio_eval/audio/0029_LibriTTS__7481__7481_101276_000071_000000_pitch_+2.00.wav,audio/pitch/40s_F/LibriTTS__7481__7481_101276_000071_000000__pitch__p2p0.wav,5.498261910734152,0.5990530252456665
pitch,60s M,VoxCeleb1::train::id10531::w2aGGP2-xFo::00038,-2.0,/data/waris/code/TVTSynCtrl/results/relgan_raft_full/extended_slider_pm2_20260616_112558/audio/audio_eval/audio/0192_VoxCeleb1__train__id10531__w2aGGP2_xFo__00038_pitch_-2.00.wav,audio/pitch/60s_M/VoxCeleb1__train__id10531__w2aGGP2-xFo__00038__pitch__m2p0.wav,4.464511430914929,0.7533986568450928
pitch,60s M,VoxCeleb1::train::id10531::w2aGGP2-xFo::00038,-1.0,/data/waris/code/TVTSynCtrl/results/relgan_raft_full/extended_slider_pm2_20260616_112558/audio/audio_eval/audio/0192_VoxCeleb1__train__id10531__w2aGGP2_xFo__00038_pitch_-1.00.wav,audio/pitch/60s_M/VoxCeleb1__train__id10531__w2aGGP2-xFo__00038__pitch__m1p0.wav,4.632236572130779,0.6575977802276611
pitch,60s M,VoxCeleb1::train::id10531::w2aGGP2-xFo::00038,0.0,/data/waris/code/TVTSynCtrl/results/relgan_raft_full/extended_slider_pm2_20260616_112558/audio/audio_eval/audio/0192_VoxCeleb1__train__id10531__w2aGGP2_xFo__00038_pitch_+0.00.wav,audio/pitch/60s_M/VoxCeleb1__train__id10531__w2aGGP2-xFo__00038__pitch__p0p0.wav,4.894254409953343,0.9186719059944152
pitch,60s M,VoxCeleb1::train::id10531::w2aGGP2-xFo::00038,1.0,/data/waris/code/TVTSynCtrl/results/relgan_raft_full/extended_slider_pm2_20260616_112558/audio/audio_eval/audio/0192_VoxCeleb1__train__id10531__w2aGGP2_xFo__00038_pitch_+1.00.wav,audio/pitch/60s_M/VoxCeleb1__train__id10531__w2aGGP2-xFo__00038__pitch__p1p0.wav,5.29640946751293,0.6536776423454285
pitch,60s M,VoxCeleb1::train::id10531::w2aGGP2-xFo::00038,2.0,/data/waris/code/TVTSynCtrl/results/relgan_raft_full/extended_slider_pm2_20260616_112558/audio/audio_eval/audio/0192_VoxCeleb1__train__id10531__w2aGGP2_xFo__00038_pitch_+2.00.wav,audio/pitch/60s_M/VoxCeleb1__train__id10531__w2aGGP2-xFo__00038__pitch__p2p0.wav,5.4140945904437885,0.6582700610160828
pitch,60s F,LibriTTS::8778::8778_246974_000024_000009,-2.0,/data/waris/code/TVTSynCtrl/results/relgan_raft_full/extended_slider_pm2_20260616_112558/audio/audio_eval/audio/0125_LibriTTS__8778__8778_246974_000024_000009_pitch_-2.00.wav,audio/pitch/60s_F/LibriTTS__8778__8778_246974_000024_000009__pitch__m2p0.wav,4.52151286638645,0.7234792709350586
pitch,60s F,LibriTTS::8778::8778_246974_000024_000009,-1.0,/data/waris/code/TVTSynCtrl/results/relgan_raft_full/extended_slider_pm2_20260616_112558/audio/audio_eval/audio/0125_LibriTTS__8778__8778_246974_000024_000009_pitch_-1.00.wav,audio/pitch/60s_F/LibriTTS__8778__8778_246974_000024_000009__pitch__m1p0.wav,4.594131142345388,0.81272292137146
pitch,60s F,LibriTTS::8778::8778_246974_000024_000009,0.0,/data/waris/code/TVTSynCtrl/results/relgan_raft_full/extended_slider_pm2_20260616_112558/audio/audio_eval/audio/0125_LibriTTS__8778__8778_246974_000024_000009_pitch_+0.00.wav,audio/pitch/60s_F/LibriTTS__8778__8778_246974_000024_000009__pitch__p0p0.wav,4.924358639679535,0.8869532346725464
pitch,60s F,LibriTTS::8778::8778_246974_000024_000009,1.0,/data/waris/code/TVTSynCtrl/results/relgan_raft_full/extended_slider_pm2_20260616_112558/audio/audio_eval/audio/0125_LibriTTS__8778__8778_246974_000024_000009_pitch_+1.00.wav,audio/pitch/60s_F/LibriTTS__8778__8778_246974_000024_000009__pitch__p1p0.wav,5.258261385807511,0.5845345854759216
pitch,60s F,LibriTTS::8778::8778_246974_000024_000009,2.0,/data/waris/code/TVTSynCtrl/results/relgan_raft_full/extended_slider_pm2_20260616_112558/audio/audio_eval/audio/0125_LibriTTS__8778__8778_246974_000024_000009_pitch_+2.00.wav,audio/pitch/60s_F/LibriTTS__8778__8778_246974_000024_000009__pitch__p2p0.wav,5.488110505061,0.6624172329902649
voice_quality_hnr,20s M,LibriTTS::27::27_124992_000059_000001,-2.0,/data/waris/code/TVTSynCtrl/results/relgan_raft_full/extended_slider_pm2_20260616_112558/audio/audio_eval/audio/0270_LibriTTS__27__27_124992_000059_000001_voice_quality_hnr_-2.00.wav,audio/voice_quality_hnr/20s_M/LibriTTS__27__27_124992_000059_000001__voice_quality_hnr__m2p0.wav,-200.0,0.670255184173584
voice_quality_hnr,20s M,LibriTTS::27::27_124992_000059_000001,-1.0,/data/waris/code/TVTSynCtrl/results/relgan_raft_full/extended_slider_pm2_20260616_112558/audio/audio_eval/audio/0270_LibriTTS__27__27_124992_000059_000001_voice_quality_hnr_-1.00.wav,audio/voice_quality_hnr/20s_M/LibriTTS__27__27_124992_000059_000001__voice_quality_hnr__m1p0.wav,-200.0,0.6860959529876709
voice_quality_hnr,20s M,LibriTTS::27::27_124992_000059_000001,0.0,/data/waris/code/TVTSynCtrl/results/relgan_raft_full/extended_slider_pm2_20260616_112558/audio/audio_eval/audio/0270_LibriTTS__27__27_124992_000059_000001_voice_quality_hnr_+0.00.wav,audio/voice_quality_hnr/20s_M/LibriTTS__27__27_124992_000059_000001__voice_quality_hnr__p0p0.wav,-200.0,0.8984955549240112
voice_quality_hnr,20s M,LibriTTS::27::27_124992_000059_000001,1.0,/data/waris/code/TVTSynCtrl/results/relgan_raft_full/extended_slider_pm2_20260616_112558/audio/audio_eval/audio/0270_LibriTTS__27__27_124992_000059_000001_voice_quality_hnr_+1.00.wav,audio/voice_quality_hnr/20s_M/LibriTTS__27__27_124992_000059_000001__voice_quality_hnr__p1p0.wav,1.5144973965823634,0.6550318002700806
voice_quality_hnr,20s M,LibriTTS::27::27_124992_000059_000001,2.0,/data/waris/code/TVTSynCtrl/results/relgan_raft_full/extended_slider_pm2_20260616_112558/audio/audio_eval/audio/0270_LibriTTS__27__27_124992_000059_000001_voice_quality_hnr_+2.00.wav,audio/voice_quality_hnr/20s_M/LibriTTS__27__27_124992_000059_000001__voice_quality_hnr__p2p0.wav,4.417267938671823,0.6645327806472778
voice_quality_hnr,20s F,VoxCeleb1::train::id10599::Uw3u4E2RjuA::00002,-2.0,/data/waris/code/TVTSynCtrl/results/relgan_raft_full/extended_slider_pm2_20260616_112558/audio/audio_eval/audio/0246_VoxCeleb1__train__id10599__Uw3u4E2RjuA__00002_voice_quality_hnr_-2.00.wav,audio/voice_quality_hnr/20s_F/VoxCeleb1__train__id10599__Uw3u4E2RjuA__00002__voice_quality_hnr__m2p0.wav,-200.0,0.6814078688621521
voice_quality_hnr,20s F,VoxCeleb1::train::id10599::Uw3u4E2RjuA::00002,-1.0,/data/waris/code/TVTSynCtrl/results/relgan_raft_full/extended_slider_pm2_20260616_112558/audio/audio_eval/audio/0246_VoxCeleb1__train__id10599__Uw3u4E2RjuA__00002_voice_quality_hnr_-1.00.wav,audio/voice_quality_hnr/20s_F/VoxCeleb1__train__id10599__Uw3u4E2RjuA__00002__voice_quality_hnr__m1p0.wav,-200.0,0.7449167966842651
voice_quality_hnr,20s F,VoxCeleb1::train::id10599::Uw3u4E2RjuA::00002,0.0,/data/waris/code/TVTSynCtrl/results/relgan_raft_full/extended_slider_pm2_20260616_112558/audio/audio_eval/audio/0246_VoxCeleb1__train__id10599__Uw3u4E2RjuA__00002_voice_quality_hnr_+0.00.wav,audio/voice_quality_hnr/20s_F/VoxCeleb1__train__id10599__Uw3u4E2RjuA__00002__voice_quality_hnr__p0p0.wav,-200.0,0.8888629674911499
voice_quality_hnr,20s F,VoxCeleb1::train::id10599::Uw3u4E2RjuA::00002,1.0,/data/waris/code/TVTSynCtrl/results/relgan_raft_full/extended_slider_pm2_20260616_112558/audio/audio_eval/audio/0246_VoxCeleb1__train__id10599__Uw3u4E2RjuA__00002_voice_quality_hnr_+1.00.wav,audio/voice_quality_hnr/20s_F/VoxCeleb1__train__id10599__Uw3u4E2RjuA__00002__voice_quality_hnr__p1p0.wav,5.761486907756405,0.7264338731765747
voice_quality_hnr,20s F,VoxCeleb1::train::id10599::Uw3u4E2RjuA::00002,2.0,/data/waris/code/TVTSynCtrl/results/relgan_raft_full/extended_slider_pm2_20260616_112558/audio/audio_eval/audio/0246_VoxCeleb1__train__id10599__Uw3u4E2RjuA__00002_voice_quality_hnr_+2.00.wav,audio/voice_quality_hnr/20s_F/VoxCeleb1__train__id10599__Uw3u4E2RjuA__00002__voice_quality_hnr__p2p0.wav,-0.0528780095632116,0.8367294073104858
voice_quality_hnr,40s M,GLOBE::train::S_002060::00057675_000001.v2.vad,-2.0,/data/waris/code/TVTSynCtrl/results/relgan_raft_full/extended_slider_pm2_20260616_112558/audio/audio_eval/audio/0062_GLOBE__train__S_002060__00057675_000001_v2_vad_voice_quality_hnr_-2.00.wav,audio/voice_quality_hnr/40s_M/GLOBE__train__S_002060__00057675_000001_v2_vad__voice_quality_hnr__m2p0.wav,-200.0,0.6518499851226807
voice_quality_hnr,40s M,GLOBE::train::S_002060::00057675_000001.v2.vad,-1.0,/data/waris/code/TVTSynCtrl/results/relgan_raft_full/extended_slider_pm2_20260616_112558/audio/audio_eval/audio/0062_GLOBE__train__S_002060__00057675_000001_v2_vad_voice_quality_hnr_-1.00.wav,audio/voice_quality_hnr/40s_M/GLOBE__train__S_002060__00057675_000001_v2_vad__voice_quality_hnr__m1p0.wav,-200.0,0.6785954236984253
voice_quality_hnr,40s M,GLOBE::train::S_002060::00057675_000001.v2.vad,0.0,/data/waris/code/TVTSynCtrl/results/relgan_raft_full/extended_slider_pm2_20260616_112558/audio/audio_eval/audio/0062_GLOBE__train__S_002060__00057675_000001_v2_vad_voice_quality_hnr_+0.00.wav,audio/voice_quality_hnr/40s_M/GLOBE__train__S_002060__00057675_000001_v2_vad__voice_quality_hnr__p0p0.wav,-0.5256204753913133,0.8570767641067505
voice_quality_hnr,40s M,GLOBE::train::S_002060::00057675_000001.v2.vad,1.0,/data/waris/code/TVTSynCtrl/results/relgan_raft_full/extended_slider_pm2_20260616_112558/audio/audio_eval/audio/0062_GLOBE__train__S_002060__00057675_000001_v2_vad_voice_quality_hnr_+1.00.wav,audio/voice_quality_hnr/40s_M/GLOBE__train__S_002060__00057675_000001_v2_vad__voice_quality_hnr__p1p0.wav,2.842918249706271,0.6606173515319824
voice_quality_hnr,40s M,GLOBE::train::S_002060::00057675_000001.v2.vad,2.0,/data/waris/code/TVTSynCtrl/results/relgan_raft_full/extended_slider_pm2_20260616_112558/audio/audio_eval/audio/0062_GLOBE__train__S_002060__00057675_000001_v2_vad_voice_quality_hnr_+2.00.wav,audio/voice_quality_hnr/40s_M/GLOBE__train__S_002060__00057675_000001_v2_vad__voice_quality_hnr__p2p0.wav,3.8277199765092207,0.6366317868232727
voice_quality_hnr,40s F,GLOBE::train::S_014609::00382646_000013.v2.vad,-2.0,/data/waris/code/TVTSynCtrl/results/relgan_raft_full/extended_slider_pm2_20260616_112558/audio/audio_eval/audio/0014_GLOBE__train__S_014609__00382646_000013_v2_vad_voice_quality_hnr_-2.00.wav,audio/voice_quality_hnr/40s_F/GLOBE__train__S_014609__00382646_000013_v2_vad__voice_quality_hnr__m2p0.wav,-200.0,0.6190365552902222
voice_quality_hnr,40s F,GLOBE::train::S_014609::00382646_000013.v2.vad,-1.0,/data/waris/code/TVTSynCtrl/results/relgan_raft_full/extended_slider_pm2_20260616_112558/audio/audio_eval/audio/0014_GLOBE__train__S_014609__00382646_000013_v2_vad_voice_quality_hnr_-1.00.wav,audio/voice_quality_hnr/40s_F/GLOBE__train__S_014609__00382646_000013_v2_vad__voice_quality_hnr__m1p0.wav,-200.0,0.677537202835083
voice_quality_hnr,40s F,GLOBE::train::S_014609::00382646_000013.v2.vad,0.0,/data/waris/code/TVTSynCtrl/results/relgan_raft_full/extended_slider_pm2_20260616_112558/audio/audio_eval/audio/0014_GLOBE__train__S_014609__00382646_000013_v2_vad_voice_quality_hnr_+0.00.wav,audio/voice_quality_hnr/40s_F/GLOBE__train__S_014609__00382646_000013_v2_vad__voice_quality_hnr__p0p0.wav,5.672044137382354,0.8991063833236694
voice_quality_hnr,40s F,GLOBE::train::S_014609::00382646_000013.v2.vad,1.0,/data/waris/code/TVTSynCtrl/results/relgan_raft_full/extended_slider_pm2_20260616_112558/audio/audio_eval/audio/0014_GLOBE__train__S_014609__00382646_000013_v2_vad_voice_quality_hnr_+1.00.wav,audio/voice_quality_hnr/40s_F/GLOBE__train__S_014609__00382646_000013_v2_vad__voice_quality_hnr__p1p0.wav,13.362260530074106,0.7748721837997437
voice_quality_hnr,40s F,GLOBE::train::S_014609::00382646_000013.v2.vad,2.0,/data/waris/code/TVTSynCtrl/results/relgan_raft_full/extended_slider_pm2_20260616_112558/audio/audio_eval/audio/0014_GLOBE__train__S_014609__00382646_000013_v2_vad_voice_quality_hnr_+2.00.wav,audio/voice_quality_hnr/40s_F/GLOBE__train__S_014609__00382646_000013_v2_vad__voice_quality_hnr__p2p0.wav,7.864181178416968,0.8490002155303955
voice_quality_hnr,60s M,GLOBE::train::S_010194::00219094_000014.v2.vad,-2.0,/data/waris/code/TVTSynCtrl/results/relgan_raft_full/extended_slider_pm2_20260616_112558/audio/audio_eval/audio/0154_GLOBE__train__S_010194__00219094_000014_v2_vad_voice_quality_hnr_-2.00.wav,audio/voice_quality_hnr/60s_M/GLOBE__train__S_010194__00219094_000014_v2_vad__voice_quality_hnr__m2p0.wav,-200.0,0.65174400806427
voice_quality_hnr,60s M,GLOBE::train::S_010194::00219094_000014.v2.vad,-1.0,/data/waris/code/TVTSynCtrl/results/relgan_raft_full/extended_slider_pm2_20260616_112558/audio/audio_eval/audio/0154_GLOBE__train__S_010194__00219094_000014_v2_vad_voice_quality_hnr_-1.00.wav,audio/voice_quality_hnr/60s_M/GLOBE__train__S_010194__00219094_000014_v2_vad__voice_quality_hnr__m1p0.wav,-200.0,0.7005177140235901
voice_quality_hnr,60s M,GLOBE::train::S_010194::00219094_000014.v2.vad,0.0,/data/waris/code/TVTSynCtrl/results/relgan_raft_full/extended_slider_pm2_20260616_112558/audio/audio_eval/audio/0154_GLOBE__train__S_010194__00219094_000014_v2_vad_voice_quality_hnr_+0.00.wav,audio/voice_quality_hnr/60s_M/GLOBE__train__S_010194__00219094_000014_v2_vad__voice_quality_hnr__p0p0.wav,-200.0,0.8491075038909912
voice_quality_hnr,60s M,GLOBE::train::S_010194::00219094_000014.v2.vad,1.0,/data/waris/code/TVTSynCtrl/results/relgan_raft_full/extended_slider_pm2_20260616_112558/audio/audio_eval/audio/0154_GLOBE__train__S_010194__00219094_000014_v2_vad_voice_quality_hnr_+1.00.wav,audio/voice_quality_hnr/60s_M/GLOBE__train__S_010194__00219094_000014_v2_vad__voice_quality_hnr__p1p0.wav,4.510993654218753,0.6776149272918701
voice_quality_hnr,60s M,GLOBE::train::S_010194::00219094_000014.v2.vad,2.0,/data/waris/code/TVTSynCtrl/results/relgan_raft_full/extended_slider_pm2_20260616_112558/audio/audio_eval/audio/0154_GLOBE__train__S_010194__00219094_000014_v2_vad_voice_quality_hnr_+2.00.wav,audio/voice_quality_hnr/60s_M/GLOBE__train__S_010194__00219094_000014_v2_vad__voice_quality_hnr__p2p0.wav,6.186878526120552,0.6495749950408936
voice_quality_hnr,60s F,LibriTTS::4234::4234_187735_000005_000000,-2.0,/data/waris/code/TVTSynCtrl/results/relgan_raft_full/extended_slider_pm2_20260616_112558/audio/audio_eval/audio/0119_LibriTTS__4234__4234_187735_000005_000000_voice_quality_hnr_-2.00.wav,audio/voice_quality_hnr/60s_F/LibriTTS__4234__4234_187735_000005_000000__voice_quality_hnr__m2p0.wav,-200.0,0.6440596580505371
voice_quality_hnr,60s F,LibriTTS::4234::4234_187735_000005_000000,-1.0,/data/waris/code/TVTSynCtrl/results/relgan_raft_full/extended_slider_pm2_20260616_112558/audio/audio_eval/audio/0119_LibriTTS__4234__4234_187735_000005_000000_voice_quality_hnr_-1.00.wav,audio/voice_quality_hnr/60s_F/LibriTTS__4234__4234_187735_000005_000000__voice_quality_hnr__m1p0.wav,-200.0,0.6242237687110901
voice_quality_hnr,60s F,LibriTTS::4234::4234_187735_000005_000000,0.0,/data/waris/code/TVTSynCtrl/results/relgan_raft_full/extended_slider_pm2_20260616_112558/audio/audio_eval/audio/0119_LibriTTS__4234__4234_187735_000005_000000_voice_quality_hnr_+0.00.wav,audio/voice_quality_hnr/60s_F/LibriTTS__4234__4234_187735_000005_000000__voice_quality_hnr__p0p0.wav,0.106071513902996,0.923531174659729
voice_quality_hnr,60s F,LibriTTS::4234::4234_187735_000005_000000,1.0,/data/waris/code/TVTSynCtrl/results/relgan_raft_full/extended_slider_pm2_20260616_112558/audio/audio_eval/audio/0119_LibriTTS__4234__4234_187735_000005_000000_voice_quality_hnr_+1.00.wav,audio/voice_quality_hnr/60s_F/LibriTTS__4234__4234_187735_000005_000000__voice_quality_hnr__p1p0.wav,5.211771716293839,0.7441474795341492
voice_quality_hnr,60s F,LibriTTS::4234::4234_187735_000005_000000,2.0,/data/waris/code/TVTSynCtrl/results/relgan_raft_full/extended_slider_pm2_20260616_112558/audio/audio_eval/audio/0119_LibriTTS__4234__4234_187735_000005_000000_voice_quality_hnr_+2.00.wav,audio/voice_quality_hnr/60s_F/LibriTTS__4234__4234_187735_000005_000000__voice_quality_hnr__p2p0.wav,2.50286350221649,0.8290870189666748
