attribute,age_group,gender_group,cohort_label,item_id,delta,source_wav,generated_wav,demo_wav,embedding_cosine_to_source
age,young_20s,male,20s M,VoxCeleb1::train::id10246::BNvnSCsKngw::00020,-2.0,/data/waris/data/Voxceleb/voxceleb1/train/wav/id10246/BNvnSCsKngw/00020.wav,/data/waris/code/TVTSynCtrl/outputs/direct_mlp_audio_paper/20260625_024217/direct_mlp_hnr_fixed_paper/audio/0291_VoxCeleb1__train__id10246__BNvnSCsKngw__00020_age_-2.00.wav,audio/age/young_20s_male/age_m2p0.wav,0.9023114442825316
age,young_20s,male,20s M,VoxCeleb1::train::id10246::BNvnSCsKngw::00020,-1.0,/data/waris/data/Voxceleb/voxceleb1/train/wav/id10246/BNvnSCsKngw/00020.wav,/data/waris/code/TVTSynCtrl/outputs/direct_mlp_audio_paper/20260625_024217/direct_mlp_hnr_fixed_paper/audio/0291_VoxCeleb1__train__id10246__BNvnSCsKngw__00020_age_-1.00.wav,audio/age/young_20s_male/age_m1p0.wav,0.8765312433242798
age,young_20s,male,20s M,VoxCeleb1::train::id10246::BNvnSCsKngw::00020,0.0,/data/waris/data/Voxceleb/voxceleb1/train/wav/id10246/BNvnSCsKngw/00020.wav,/data/waris/code/TVTSynCtrl/outputs/direct_mlp_audio_paper/20260625_024217/direct_mlp_hnr_fixed_paper/audio/0291_VoxCeleb1__train__id10246__BNvnSCsKngw__00020_age_+0.00.wav,audio/age/young_20s_male/age_p0p0.wav,0.999514937400818
age,young_20s,male,20s M,VoxCeleb1::train::id10246::BNvnSCsKngw::00020,1.0,/data/waris/data/Voxceleb/voxceleb1/train/wav/id10246/BNvnSCsKngw/00020.wav,/data/waris/code/TVTSynCtrl/outputs/direct_mlp_audio_paper/20260625_024217/direct_mlp_hnr_fixed_paper/audio/0291_VoxCeleb1__train__id10246__BNvnSCsKngw__00020_age_+1.00.wav,audio/age/young_20s_male/age_p1p0.wav,0.7561315298080444
age,young_20s,male,20s M,VoxCeleb1::train::id10246::BNvnSCsKngw::00020,2.0,/data/waris/data/Voxceleb/voxceleb1/train/wav/id10246/BNvnSCsKngw/00020.wav,/data/waris/code/TVTSynCtrl/outputs/direct_mlp_audio_paper/20260625_024217/direct_mlp_hnr_fixed_paper/audio/0291_VoxCeleb1__train__id10246__BNvnSCsKngw__00020_age_+2.00.wav,audio/age/young_20s_male/age_p2p0.wav,0.7591040134429932
age,young_20s,female,20s F,NaturalVoices::MSP-PODCAST_1541::MSP-PODCAST_1541_526,-2.0,/data/waris/data/NaturalVoices/data/MSP-PODCAST_1541/wav/MSP-PODCAST_1541_526.wav,/data/waris/code/TVTSynCtrl/outputs/direct_mlp_audio_paper/20260625_024217/direct_mlp_hnr_fixed_paper/audio/0231_NaturalVoices__MSP_PODCAST_1541__MSP_PODCAST_1541_526_age_-2.00.wav,audio/age/young_20s_female/age_m2p0.wav,0.8325187563896179
age,young_20s,female,20s F,NaturalVoices::MSP-PODCAST_1541::MSP-PODCAST_1541_526,-1.0,/data/waris/data/NaturalVoices/data/MSP-PODCAST_1541/wav/MSP-PODCAST_1541_526.wav,/data/waris/code/TVTSynCtrl/outputs/direct_mlp_audio_paper/20260625_024217/direct_mlp_hnr_fixed_paper/audio/0231_NaturalVoices__MSP_PODCAST_1541__MSP_PODCAST_1541_526_age_-1.00.wav,audio/age/young_20s_female/age_m1p0.wav,0.8385144472122192
age,young_20s,female,20s F,NaturalVoices::MSP-PODCAST_1541::MSP-PODCAST_1541_526,0.0,/data/waris/data/NaturalVoices/data/MSP-PODCAST_1541/wav/MSP-PODCAST_1541_526.wav,/data/waris/code/TVTSynCtrl/outputs/direct_mlp_audio_paper/20260625_024217/direct_mlp_hnr_fixed_paper/audio/0231_NaturalVoices__MSP_PODCAST_1541__MSP_PODCAST_1541_526_age_+0.00.wav,audio/age/young_20s_female/age_p0p0.wav,0.9999424815177916
age,young_20s,female,20s F,NaturalVoices::MSP-PODCAST_1541::MSP-PODCAST_1541_526,1.0,/data/waris/data/NaturalVoices/data/MSP-PODCAST_1541/wav/MSP-PODCAST_1541_526.wav,/data/waris/code/TVTSynCtrl/outputs/direct_mlp_audio_paper/20260625_024217/direct_mlp_hnr_fixed_paper/audio/0231_NaturalVoices__MSP_PODCAST_1541__MSP_PODCAST_1541_526_age_+1.00.wav,audio/age/young_20s_female/age_p1p0.wav,0.7914847135543823
age,young_20s,female,20s F,NaturalVoices::MSP-PODCAST_1541::MSP-PODCAST_1541_526,2.0,/data/waris/data/NaturalVoices/data/MSP-PODCAST_1541/wav/MSP-PODCAST_1541_526.wav,/data/waris/code/TVTSynCtrl/outputs/direct_mlp_audio_paper/20260625_024217/direct_mlp_hnr_fixed_paper/audio/0231_NaturalVoices__MSP_PODCAST_1541__MSP_PODCAST_1541_526_age_+2.00.wav,audio/age/young_20s_female/age_p2p0.wav,0.7902028560638428
age,mid_40s,male,40s M,VoxCeleb1::train::id11214::kf1ELZhWtEM::00004,-2.0,/data/waris/data/Voxceleb/voxceleb1/train/wav/id11214/kf1ELZhWtEM/00004.wav,/data/waris/code/TVTSynCtrl/outputs/direct_mlp_audio_paper/20260625_024217/direct_mlp_hnr_fixed_paper/audio/0099_VoxCeleb1__train__id11214__kf1ELZhWtEM__00004_age_-2.00.wav,audio/age/mid_40s_male/age_m2p0.wav,0.6995389461517334
age,mid_40s,male,40s M,VoxCeleb1::train::id11214::kf1ELZhWtEM::00004,-1.0,/data/waris/data/Voxceleb/voxceleb1/train/wav/id11214/kf1ELZhWtEM/00004.wav,/data/waris/code/TVTSynCtrl/outputs/direct_mlp_audio_paper/20260625_024217/direct_mlp_hnr_fixed_paper/audio/0099_VoxCeleb1__train__id11214__kf1ELZhWtEM__00004_age_-1.00.wav,audio/age/mid_40s_male/age_m1p0.wav,0.6540076732635498
age,mid_40s,male,40s M,VoxCeleb1::train::id11214::kf1ELZhWtEM::00004,0.0,/data/waris/data/Voxceleb/voxceleb1/train/wav/id11214/kf1ELZhWtEM/00004.wav,/data/waris/code/TVTSynCtrl/outputs/direct_mlp_audio_paper/20260625_024217/direct_mlp_hnr_fixed_paper/audio/0099_VoxCeleb1__train__id11214__kf1ELZhWtEM__00004_age_+0.00.wav,audio/age/mid_40s_male/age_p0p0.wav,0.9998127222061156
age,mid_40s,male,40s M,VoxCeleb1::train::id11214::kf1ELZhWtEM::00004,1.0,/data/waris/data/Voxceleb/voxceleb1/train/wav/id11214/kf1ELZhWtEM/00004.wav,/data/waris/code/TVTSynCtrl/outputs/direct_mlp_audio_paper/20260625_024217/direct_mlp_hnr_fixed_paper/audio/0099_VoxCeleb1__train__id11214__kf1ELZhWtEM__00004_age_+1.00.wav,audio/age/mid_40s_male/age_p1p0.wav,0.7980797290802002
age,mid_40s,male,40s M,VoxCeleb1::train::id11214::kf1ELZhWtEM::00004,2.0,/data/waris/data/Voxceleb/voxceleb1/train/wav/id11214/kf1ELZhWtEM/00004.wav,/data/waris/code/TVTSynCtrl/outputs/direct_mlp_audio_paper/20260625_024217/direct_mlp_hnr_fixed_paper/audio/0099_VoxCeleb1__train__id11214__kf1ELZhWtEM__00004_age_+2.00.wav,audio/age/mid_40s_male/age_p2p0.wav,0.7782093286514282
age,mid_40s,female,40s F,NaturalVoices::MSP-PODCAST_1279::MSP-PODCAST_1279_101,-2.0,/data/waris/data/NaturalVoices/data/MSP-PODCAST_1279/wav/MSP-PODCAST_1279_101.wav,/data/waris/code/TVTSynCtrl/outputs/direct_mlp_audio_paper/20260625_024217/direct_mlp_hnr_fixed_paper/audio/0032_NaturalVoices__MSP_PODCAST_1279__MSP_PODCAST_1279_101_age_-2.00.wav,audio/age/mid_40s_female/age_m2p0.wav,0.7647721767425537
age,mid_40s,female,40s F,NaturalVoices::MSP-PODCAST_1279::MSP-PODCAST_1279_101,-1.0,/data/waris/data/NaturalVoices/data/MSP-PODCAST_1279/wav/MSP-PODCAST_1279_101.wav,/data/waris/code/TVTSynCtrl/outputs/direct_mlp_audio_paper/20260625_024217/direct_mlp_hnr_fixed_paper/audio/0032_NaturalVoices__MSP_PODCAST_1279__MSP_PODCAST_1279_101_age_-1.00.wav,audio/age/mid_40s_female/age_m1p0.wav,0.7435064315795898
age,mid_40s,female,40s F,NaturalVoices::MSP-PODCAST_1279::MSP-PODCAST_1279_101,0.0,/data/waris/data/NaturalVoices/data/MSP-PODCAST_1279/wav/MSP-PODCAST_1279_101.wav,/data/waris/code/TVTSynCtrl/outputs/direct_mlp_audio_paper/20260625_024217/direct_mlp_hnr_fixed_paper/audio/0032_NaturalVoices__MSP_PODCAST_1279__MSP_PODCAST_1279_101_age_+0.00.wav,audio/age/mid_40s_female/age_p0p0.wav,0.9999133348464966
age,mid_40s,female,40s F,NaturalVoices::MSP-PODCAST_1279::MSP-PODCAST_1279_101,1.0,/data/waris/data/NaturalVoices/data/MSP-PODCAST_1279/wav/MSP-PODCAST_1279_101.wav,/data/waris/code/TVTSynCtrl/outputs/direct_mlp_audio_paper/20260625_024217/direct_mlp_hnr_fixed_paper/audio/0032_NaturalVoices__MSP_PODCAST_1279__MSP_PODCAST_1279_101_age_+1.00.wav,audio/age/mid_40s_female/age_p1p0.wav,0.7867788672447205
age,mid_40s,female,40s F,NaturalVoices::MSP-PODCAST_1279::MSP-PODCAST_1279_101,2.0,/data/waris/data/NaturalVoices/data/MSP-PODCAST_1279/wav/MSP-PODCAST_1279_101.wav,/data/waris/code/TVTSynCtrl/outputs/direct_mlp_audio_paper/20260625_024217/direct_mlp_hnr_fixed_paper/audio/0032_NaturalVoices__MSP_PODCAST_1279__MSP_PODCAST_1279_101_age_+2.00.wav,audio/age/mid_40s_female/age_p2p0.wav,0.769737720489502
age,senior_60s,male,60s M,NaturalVoices::MSP-PODCAST_2124::MSP-PODCAST_2124_214,-2.0,/data/waris/data/NaturalVoices/data/MSP-PODCAST_2124/wav/MSP-PODCAST_2124_214.wav,/data/waris/code/TVTSynCtrl/outputs/direct_mlp_audio_paper/20260625_024217/direct_mlp_hnr_fixed_paper/audio/0182_NaturalVoices__MSP_PODCAST_2124__MSP_PODCAST_2124_214_age_-2.00.wav,audio/age/senior_60s_male/age_m2p0.wav,0.742402970790863
age,senior_60s,male,60s M,NaturalVoices::MSP-PODCAST_2124::MSP-PODCAST_2124_214,-1.0,/data/waris/data/NaturalVoices/data/MSP-PODCAST_2124/wav/MSP-PODCAST_2124_214.wav,/data/waris/code/TVTSynCtrl/outputs/direct_mlp_audio_paper/20260625_024217/direct_mlp_hnr_fixed_paper/audio/0182_NaturalVoices__MSP_PODCAST_2124__MSP_PODCAST_2124_214_age_-1.00.wav,audio/age/senior_60s_male/age_m1p0.wav,0.7378973960876465
age,senior_60s,male,60s M,NaturalVoices::MSP-PODCAST_2124::MSP-PODCAST_2124_214,0.0,/data/waris/data/NaturalVoices/data/MSP-PODCAST_2124/wav/MSP-PODCAST_2124_214.wav,/data/waris/code/TVTSynCtrl/outputs/direct_mlp_audio_paper/20260625_024217/direct_mlp_hnr_fixed_paper/audio/0182_NaturalVoices__MSP_PODCAST_2124__MSP_PODCAST_2124_214_age_+0.00.wav,audio/age/senior_60s_male/age_p0p0.wav,0.999933660030365
age,senior_60s,male,60s M,NaturalVoices::MSP-PODCAST_2124::MSP-PODCAST_2124_214,1.0,/data/waris/data/NaturalVoices/data/MSP-PODCAST_2124/wav/MSP-PODCAST_2124_214.wav,/data/waris/code/TVTSynCtrl/outputs/direct_mlp_audio_paper/20260625_024217/direct_mlp_hnr_fixed_paper/audio/0182_NaturalVoices__MSP_PODCAST_2124__MSP_PODCAST_2124_214_age_+1.00.wav,audio/age/senior_60s_male/age_p1p0.wav,0.8366646766662598
age,senior_60s,male,60s M,NaturalVoices::MSP-PODCAST_2124::MSP-PODCAST_2124_214,2.0,/data/waris/data/NaturalVoices/data/MSP-PODCAST_2124/wav/MSP-PODCAST_2124_214.wav,/data/waris/code/TVTSynCtrl/outputs/direct_mlp_audio_paper/20260625_024217/direct_mlp_hnr_fixed_paper/audio/0182_NaturalVoices__MSP_PODCAST_2124__MSP_PODCAST_2124_214_age_+2.00.wav,audio/age/senior_60s_male/age_p2p0.wav,0.8154439926147461
age,senior_60s,female,60s F,NaturalVoices::MSP-PODCAST_2478::MSP-PODCAST_2478_279,-2.0,/data/waris/data/NaturalVoices/data/MSP-PODCAST_2478/wav/MSP-PODCAST_2478_279.wav,/data/waris/code/TVTSynCtrl/outputs/direct_mlp_audio_paper/20260625_024217/direct_mlp_hnr_fixed_paper/audio/0132_NaturalVoices__MSP_PODCAST_2478__MSP_PODCAST_2478_279_age_-2.00.wav,audio/age/senior_60s_female/age_m2p0.wav,0.7413904666900635
age,senior_60s,female,60s F,NaturalVoices::MSP-PODCAST_2478::MSP-PODCAST_2478_279,-1.0,/data/waris/data/NaturalVoices/data/MSP-PODCAST_2478/wav/MSP-PODCAST_2478_279.wav,/data/waris/code/TVTSynCtrl/outputs/direct_mlp_audio_paper/20260625_024217/direct_mlp_hnr_fixed_paper/audio/0132_NaturalVoices__MSP_PODCAST_2478__MSP_PODCAST_2478_279_age_-1.00.wav,audio/age/senior_60s_female/age_m1p0.wav,0.791106104850769
age,senior_60s,female,60s F,NaturalVoices::MSP-PODCAST_2478::MSP-PODCAST_2478_279,0.0,/data/waris/data/NaturalVoices/data/MSP-PODCAST_2478/wav/MSP-PODCAST_2478_279.wav,/data/waris/code/TVTSynCtrl/outputs/direct_mlp_audio_paper/20260625_024217/direct_mlp_hnr_fixed_paper/audio/0132_NaturalVoices__MSP_PODCAST_2478__MSP_PODCAST_2478_279_age_+0.00.wav,audio/age/senior_60s_female/age_p0p0.wav,0.9999321699142456
age,senior_60s,female,60s F,NaturalVoices::MSP-PODCAST_2478::MSP-PODCAST_2478_279,1.0,/data/waris/data/NaturalVoices/data/MSP-PODCAST_2478/wav/MSP-PODCAST_2478_279.wav,/data/waris/code/TVTSynCtrl/outputs/direct_mlp_audio_paper/20260625_024217/direct_mlp_hnr_fixed_paper/audio/0132_NaturalVoices__MSP_PODCAST_2478__MSP_PODCAST_2478_279_age_+1.00.wav,audio/age/senior_60s_female/age_p1p0.wav,0.8368467092514038
age,senior_60s,female,60s F,NaturalVoices::MSP-PODCAST_2478::MSP-PODCAST_2478_279,2.0,/data/waris/data/NaturalVoices/data/MSP-PODCAST_2478/wav/MSP-PODCAST_2478_279.wav,/data/waris/code/TVTSynCtrl/outputs/direct_mlp_audio_paper/20260625_024217/direct_mlp_hnr_fixed_paper/audio/0132_NaturalVoices__MSP_PODCAST_2478__MSP_PODCAST_2478_279_age_+2.00.wav,audio/age/senior_60s_female/age_p2p0.wav,0.8185455203056335
gender_male,young_20s,male,20s M,NaturalVoices::MSP-PODCAST_4903::MSP-PODCAST_4903_1389,-2.0,/data/waris/data/NaturalVoices/data/MSP-PODCAST_4903/wav/MSP-PODCAST_4903_1389.wav,/data/waris/code/TVTSynCtrl/outputs/direct_mlp_audio_paper/20260625_024217/direct_mlp_hnr_fixed_paper/audio/0286_NaturalVoices__MSP_PODCAST_4903__MSP_PODCAST_4903_1389_gender_male_-2.00.wav,audio/gender_male/young_20s_male/gender_male_m2p0.wav,0.7014774680137634
gender_male,young_20s,male,20s M,NaturalVoices::MSP-PODCAST_4903::MSP-PODCAST_4903_1389,-1.0,/data/waris/data/NaturalVoices/data/MSP-PODCAST_4903/wav/MSP-PODCAST_4903_1389.wav,/data/waris/code/TVTSynCtrl/outputs/direct_mlp_audio_paper/20260625_024217/direct_mlp_hnr_fixed_paper/audio/0286_NaturalVoices__MSP_PODCAST_4903__MSP_PODCAST_4903_1389_gender_male_-1.00.wav,audio/gender_male/young_20s_male/gender_male_m1p0.wav,0.6991132497787476
gender_male,young_20s,male,20s M,NaturalVoices::MSP-PODCAST_4903::MSP-PODCAST_4903_1389,0.0,/data/waris/data/NaturalVoices/data/MSP-PODCAST_4903/wav/MSP-PODCAST_4903_1389.wav,/data/waris/code/TVTSynCtrl/outputs/direct_mlp_audio_paper/20260625_024217/direct_mlp_hnr_fixed_paper/audio/0286_NaturalVoices__MSP_PODCAST_4903__MSP_PODCAST_4903_1389_gender_male_+0.00.wav,audio/gender_male/young_20s_male/gender_male_p0p0.wav,0.9999374151229858
gender_male,young_20s,male,20s M,NaturalVoices::MSP-PODCAST_4903::MSP-PODCAST_4903_1389,1.0,/data/waris/data/NaturalVoices/data/MSP-PODCAST_4903/wav/MSP-PODCAST_4903_1389.wav,/data/waris/code/TVTSynCtrl/outputs/direct_mlp_audio_paper/20260625_024217/direct_mlp_hnr_fixed_paper/audio/0286_NaturalVoices__MSP_PODCAST_4903__MSP_PODCAST_4903_1389_gender_male_+1.00.wav,audio/gender_male/young_20s_male/gender_male_p1p0.wav,0.7940149307250977
gender_male,young_20s,male,20s M,NaturalVoices::MSP-PODCAST_4903::MSP-PODCAST_4903_1389,2.0,/data/waris/data/NaturalVoices/data/MSP-PODCAST_4903/wav/MSP-PODCAST_4903_1389.wav,/data/waris/code/TVTSynCtrl/outputs/direct_mlp_audio_paper/20260625_024217/direct_mlp_hnr_fixed_paper/audio/0286_NaturalVoices__MSP_PODCAST_4903__MSP_PODCAST_4903_1389_gender_male_+2.00.wav,audio/gender_male/young_20s_male/gender_male_p2p0.wav,0.8718993067741394
gender_male,young_20s,female,20s F,LibriTTS::8543::8543_280375_000043_000001,-2.0,/data/waris/data/streamVC_data/data/8543/wav/8543_280375_000043_000001.wav,/data/waris/code/TVTSynCtrl/outputs/direct_mlp_audio_paper/20260625_024217/direct_mlp_hnr_fixed_paper/audio/0229_LibriTTS__8543__8543_280375_000043_000001_gender_male_-2.00.wav,audio/gender_male/young_20s_female/gender_male_m2p0.wav,0.8121328353881836
gender_male,young_20s,female,20s F,LibriTTS::8543::8543_280375_000043_000001,-1.0,/data/waris/data/streamVC_data/data/8543/wav/8543_280375_000043_000001.wav,/data/waris/code/TVTSynCtrl/outputs/direct_mlp_audio_paper/20260625_024217/direct_mlp_hnr_fixed_paper/audio/0229_LibriTTS__8543__8543_280375_000043_000001_gender_male_-1.00.wav,audio/gender_male/young_20s_female/gender_male_m1p0.wav,0.8187531232833862
gender_male,young_20s,female,20s F,LibriTTS::8543::8543_280375_000043_000001,0.0,/data/waris/data/streamVC_data/data/8543/wav/8543_280375_000043_000001.wav,/data/waris/code/TVTSynCtrl/outputs/direct_mlp_audio_paper/20260625_024217/direct_mlp_hnr_fixed_paper/audio/0229_LibriTTS__8543__8543_280375_000043_000001_gender_male_+0.00.wav,audio/gender_male/young_20s_female/gender_male_p0p0.wav,0.9999216198921204
gender_male,young_20s,female,20s F,LibriTTS::8543::8543_280375_000043_000001,1.0,/data/waris/data/streamVC_data/data/8543/wav/8543_280375_000043_000001.wav,/data/waris/code/TVTSynCtrl/outputs/direct_mlp_audio_paper/20260625_024217/direct_mlp_hnr_fixed_paper/audio/0229_LibriTTS__8543__8543_280375_000043_000001_gender_male_+1.00.wav,audio/gender_male/young_20s_female/gender_male_p1p0.wav,0.7104564309120178
gender_male,young_20s,female,20s F,LibriTTS::8543::8543_280375_000043_000001,2.0,/data/waris/data/streamVC_data/data/8543/wav/8543_280375_000043_000001.wav,/data/waris/code/TVTSynCtrl/outputs/direct_mlp_audio_paper/20260625_024217/direct_mlp_hnr_fixed_paper/audio/0229_LibriTTS__8543__8543_280375_000043_000001_gender_male_+2.00.wav,audio/gender_male/young_20s_female/gender_male_p2p0.wav,0.7575109004974365
gender_male,mid_40s,male,40s M,VoxCeleb1::train::id10922::dzCIG5YuVj0::00001,-2.0,/data/waris/data/Voxceleb/voxceleb1/train/wav/id10922/dzCIG5YuVj0/00001.wav,/data/waris/code/TVTSynCtrl/outputs/direct_mlp_audio_paper/20260625_024217/direct_mlp_hnr_fixed_paper/audio/0095_VoxCeleb1__train__id10922__dzCIG5YuVj0__00001_gender_male_-2.00.wav,audio/gender_male/mid_40s_male/gender_male_m2p0.wav,0.7168166637420654
gender_male,mid_40s,male,40s M,VoxCeleb1::train::id10922::dzCIG5YuVj0::00001,-1.0,/data/waris/data/Voxceleb/voxceleb1/train/wav/id10922/dzCIG5YuVj0/00001.wav,/data/waris/code/TVTSynCtrl/outputs/direct_mlp_audio_paper/20260625_024217/direct_mlp_hnr_fixed_paper/audio/0095_VoxCeleb1__train__id10922__dzCIG5YuVj0__00001_gender_male_-1.00.wav,audio/gender_male/mid_40s_male/gender_male_m1p0.wav,0.7647416591644287
gender_male,mid_40s,male,40s M,VoxCeleb1::train::id10922::dzCIG5YuVj0::00001,0.0,/data/waris/data/Voxceleb/voxceleb1/train/wav/id10922/dzCIG5YuVj0/00001.wav,/data/waris/code/TVTSynCtrl/outputs/direct_mlp_audio_paper/20260625_024217/direct_mlp_hnr_fixed_paper/audio/0095_VoxCeleb1__train__id10922__dzCIG5YuVj0__00001_gender_male_+0.00.wav,audio/gender_male/mid_40s_male/gender_male_p0p0.wav,0.9999473690986632
gender_male,mid_40s,male,40s M,VoxCeleb1::train::id10922::dzCIG5YuVj0::00001,1.0,/data/waris/data/Voxceleb/voxceleb1/train/wav/id10922/dzCIG5YuVj0/00001.wav,/data/waris/code/TVTSynCtrl/outputs/direct_mlp_audio_paper/20260625_024217/direct_mlp_hnr_fixed_paper/audio/0095_VoxCeleb1__train__id10922__dzCIG5YuVj0__00001_gender_male_+1.00.wav,audio/gender_male/mid_40s_male/gender_male_p1p0.wav,0.8285198211669922
gender_male,mid_40s,male,40s M,VoxCeleb1::train::id10922::dzCIG5YuVj0::00001,2.0,/data/waris/data/Voxceleb/voxceleb1/train/wav/id10922/dzCIG5YuVj0/00001.wav,/data/waris/code/TVTSynCtrl/outputs/direct_mlp_audio_paper/20260625_024217/direct_mlp_hnr_fixed_paper/audio/0095_VoxCeleb1__train__id10922__dzCIG5YuVj0__00001_gender_male_+2.00.wav,audio/gender_male/mid_40s_male/gender_male_p2p0.wav,0.8888283967971802
gender_male,mid_40s,female,40s F,AESRC::Portuguese_G10503::G10503S1196,-2.0,/data/waris/data/AESRC/data/Portuguese_G10503/wav/G10503S1196.wav,/data/waris/code/TVTSynCtrl/outputs/direct_mlp_audio_paper/20260625_024217/direct_mlp_hnr_fixed_paper/audio/0008_AESRC__Portuguese_G10503__G10503S1196_gender_male_-2.00.wav,audio/gender_male/mid_40s_female/gender_male_m2p0.wav,0.7986968159675598
gender_male,mid_40s,female,40s F,AESRC::Portuguese_G10503::G10503S1196,-1.0,/data/waris/data/AESRC/data/Portuguese_G10503/wav/G10503S1196.wav,/data/waris/code/TVTSynCtrl/outputs/direct_mlp_audio_paper/20260625_024217/direct_mlp_hnr_fixed_paper/audio/0008_AESRC__Portuguese_G10503__G10503S1196_gender_male_-1.00.wav,audio/gender_male/mid_40s_female/gender_male_m1p0.wav,0.7497371435165405
gender_male,mid_40s,female,40s F,AESRC::Portuguese_G10503::G10503S1196,0.0,/data/waris/data/AESRC/data/Portuguese_G10503/wav/G10503S1196.wav,/data/waris/code/TVTSynCtrl/outputs/direct_mlp_audio_paper/20260625_024217/direct_mlp_hnr_fixed_paper/audio/0008_AESRC__Portuguese_G10503__G10503S1196_gender_male_+0.00.wav,audio/gender_male/mid_40s_female/gender_male_p0p0.wav,0.99993896484375
gender_male,mid_40s,female,40s F,AESRC::Portuguese_G10503::G10503S1196,1.0,/data/waris/data/AESRC/data/Portuguese_G10503/wav/G10503S1196.wav,/data/waris/code/TVTSynCtrl/outputs/direct_mlp_audio_paper/20260625_024217/direct_mlp_hnr_fixed_paper/audio/0008_AESRC__Portuguese_G10503__G10503S1196_gender_male_+1.00.wav,audio/gender_male/mid_40s_female/gender_male_p1p0.wav,0.6628307104110718
gender_male,mid_40s,female,40s F,AESRC::Portuguese_G10503::G10503S1196,2.0,/data/waris/data/AESRC/data/Portuguese_G10503/wav/G10503S1196.wav,/data/waris/code/TVTSynCtrl/outputs/direct_mlp_audio_paper/20260625_024217/direct_mlp_hnr_fixed_paper/audio/0008_AESRC__Portuguese_G10503__G10503S1196_gender_male_+2.00.wav,audio/gender_male/mid_40s_female/gender_male_p2p0.wav,0.6900079250335693
gender_male,senior_60s,male,60s M,NaturalVoices::MSP-PODCAST_0777::MSP-PODCAST_0777_265,-2.0,/data/waris/data/NaturalVoices/data/MSP-PODCAST_0777/wav/MSP-PODCAST_0777_265.wav,/data/waris/code/TVTSynCtrl/outputs/direct_mlp_audio_paper/20260625_024217/direct_mlp_hnr_fixed_paper/audio/0178_NaturalVoices__MSP_PODCAST_0777__MSP_PODCAST_0777_265_gender_male_-2.00.wav,audio/gender_male/senior_60s_male/gender_male_m2p0.wav,0.7840294241905212
gender_male,senior_60s,male,60s M,NaturalVoices::MSP-PODCAST_0777::MSP-PODCAST_0777_265,-1.0,/data/waris/data/NaturalVoices/data/MSP-PODCAST_0777/wav/MSP-PODCAST_0777_265.wav,/data/waris/code/TVTSynCtrl/outputs/direct_mlp_audio_paper/20260625_024217/direct_mlp_hnr_fixed_paper/audio/0178_NaturalVoices__MSP_PODCAST_0777__MSP_PODCAST_0777_265_gender_male_-1.00.wav,audio/gender_male/senior_60s_male/gender_male_m1p0.wav,0.8087223768234253
gender_male,senior_60s,male,60s M,NaturalVoices::MSP-PODCAST_0777::MSP-PODCAST_0777_265,0.0,/data/waris/data/NaturalVoices/data/MSP-PODCAST_0777/wav/MSP-PODCAST_0777_265.wav,/data/waris/code/TVTSynCtrl/outputs/direct_mlp_audio_paper/20260625_024217/direct_mlp_hnr_fixed_paper/audio/0178_NaturalVoices__MSP_PODCAST_0777__MSP_PODCAST_0777_265_gender_male_+0.00.wav,audio/gender_male/senior_60s_male/gender_male_p0p0.wav,0.9999576807022096
gender_male,senior_60s,male,60s M,NaturalVoices::MSP-PODCAST_0777::MSP-PODCAST_0777_265,1.0,/data/waris/data/NaturalVoices/data/MSP-PODCAST_0777/wav/MSP-PODCAST_0777_265.wav,/data/waris/code/TVTSynCtrl/outputs/direct_mlp_audio_paper/20260625_024217/direct_mlp_hnr_fixed_paper/audio/0178_NaturalVoices__MSP_PODCAST_0777__MSP_PODCAST_0777_265_gender_male_+1.00.wav,audio/gender_male/senior_60s_male/gender_male_p1p0.wav,0.8486578464508057
gender_male,senior_60s,male,60s M,NaturalVoices::MSP-PODCAST_0777::MSP-PODCAST_0777_265,2.0,/data/waris/data/NaturalVoices/data/MSP-PODCAST_0777/wav/MSP-PODCAST_0777_265.wav,/data/waris/code/TVTSynCtrl/outputs/direct_mlp_audio_paper/20260625_024217/direct_mlp_hnr_fixed_paper/audio/0178_NaturalVoices__MSP_PODCAST_0777__MSP_PODCAST_0777_265_gender_male_+2.00.wav,audio/gender_male/senior_60s_male/gender_male_p2p0.wav,0.8897099494934082
gender_male,senior_60s,female,60s F,LibriTTS::7883::7883_260944_000021_000000,-2.0,/data/waris/data/streamVC_data/data/7883/wav/7883_260944_000021_000000.wav,/data/waris/code/TVTSynCtrl/outputs/direct_mlp_audio_paper/20260625_024217/direct_mlp_hnr_fixed_paper/audio/0124_LibriTTS__7883__7883_260944_000021_000000_gender_male_-2.00.wav,audio/gender_male/senior_60s_female/gender_male_m2p0.wav,0.7751540541648865
gender_male,senior_60s,female,60s F,LibriTTS::7883::7883_260944_000021_000000,-1.0,/data/waris/data/streamVC_data/data/7883/wav/7883_260944_000021_000000.wav,/data/waris/code/TVTSynCtrl/outputs/direct_mlp_audio_paper/20260625_024217/direct_mlp_hnr_fixed_paper/audio/0124_LibriTTS__7883__7883_260944_000021_000000_gender_male_-1.00.wav,audio/gender_male/senior_60s_female/gender_male_m1p0.wav,0.7434629201889038
gender_male,senior_60s,female,60s F,LibriTTS::7883::7883_260944_000021_000000,0.0,/data/waris/data/streamVC_data/data/7883/wav/7883_260944_000021_000000.wav,/data/waris/code/TVTSynCtrl/outputs/direct_mlp_audio_paper/20260625_024217/direct_mlp_hnr_fixed_paper/audio/0124_LibriTTS__7883__7883_260944_000021_000000_gender_male_+0.00.wav,audio/gender_male/senior_60s_female/gender_male_p0p0.wav,0.9999299645423888
gender_male,senior_60s,female,60s F,LibriTTS::7883::7883_260944_000021_000000,1.0,/data/waris/data/streamVC_data/data/7883/wav/7883_260944_000021_000000.wav,/data/waris/code/TVTSynCtrl/outputs/direct_mlp_audio_paper/20260625_024217/direct_mlp_hnr_fixed_paper/audio/0124_LibriTTS__7883__7883_260944_000021_000000_gender_male_+1.00.wav,audio/gender_male/senior_60s_female/gender_male_p1p0.wav,0.8226875066757202
gender_male,senior_60s,female,60s F,LibriTTS::7883::7883_260944_000021_000000,2.0,/data/waris/data/streamVC_data/data/7883/wav/7883_260944_000021_000000.wav,/data/waris/code/TVTSynCtrl/outputs/direct_mlp_audio_paper/20260625_024217/direct_mlp_hnr_fixed_paper/audio/0124_LibriTTS__7883__7883_260944_000021_000000_gender_male_+2.00.wav,audio/gender_male/senior_60s_female/gender_male_p2p0.wav,0.7557672262191772
pitch,young_20s,male,20s M,VoxCeleb1::train::id10052::qaAeXlQcn2k::00008,-2.0,/data/waris/data/Voxceleb/voxceleb1/train/wav/id10052/qaAeXlQcn2k/00008.wav,/data/waris/code/TVTSynCtrl/outputs/direct_mlp_audio_paper/20260625_024217/direct_mlp_hnr_fixed_paper/audio/0290_VoxCeleb1__train__id10052__qaAeXlQcn2k__00008_pitch_-2.00.wav,audio/pitch/young_20s_male/pitch_m2p0.wav,0.9377111792564392
pitch,young_20s,male,20s M,VoxCeleb1::train::id10052::qaAeXlQcn2k::00008,-1.0,/data/waris/data/Voxceleb/voxceleb1/train/wav/id10052/qaAeXlQcn2k/00008.wav,/data/waris/code/TVTSynCtrl/outputs/direct_mlp_audio_paper/20260625_024217/direct_mlp_hnr_fixed_paper/audio/0290_VoxCeleb1__train__id10052__qaAeXlQcn2k__00008_pitch_-1.00.wav,audio/pitch/young_20s_male/pitch_m1p0.wav,0.7974332571029663
pitch,young_20s,male,20s M,VoxCeleb1::train::id10052::qaAeXlQcn2k::00008,0.0,/data/waris/data/Voxceleb/voxceleb1/train/wav/id10052/qaAeXlQcn2k/00008.wav,/data/waris/code/TVTSynCtrl/outputs/direct_mlp_audio_paper/20260625_024217/direct_mlp_hnr_fixed_paper/audio/0290_VoxCeleb1__train__id10052__qaAeXlQcn2k__00008_pitch_+0.00.wav,audio/pitch/young_20s_male/pitch_p0p0.wav,0.999726176261902
pitch,young_20s,male,20s M,VoxCeleb1::train::id10052::qaAeXlQcn2k::00008,1.0,/data/waris/data/Voxceleb/voxceleb1/train/wav/id10052/qaAeXlQcn2k/00008.wav,/data/waris/code/TVTSynCtrl/outputs/direct_mlp_audio_paper/20260625_024217/direct_mlp_hnr_fixed_paper/audio/0290_VoxCeleb1__train__id10052__qaAeXlQcn2k__00008_pitch_+1.00.wav,audio/pitch/young_20s_male/pitch_p1p0.wav,0.6762164235115051
pitch,young_20s,male,20s M,VoxCeleb1::train::id10052::qaAeXlQcn2k::00008,2.0,/data/waris/data/Voxceleb/voxceleb1/train/wav/id10052/qaAeXlQcn2k/00008.wav,/data/waris/code/TVTSynCtrl/outputs/direct_mlp_audio_paper/20260625_024217/direct_mlp_hnr_fixed_paper/audio/0290_VoxCeleb1__train__id10052__qaAeXlQcn2k__00008_pitch_+2.00.wav,audio/pitch/young_20s_male/pitch_p2p0.wav,0.7548553943634033
pitch,young_20s,female,20s F,NaturalVoices::MSP-PODCAST_1330::MSP-PODCAST_1330_1006,-2.0,/data/waris/data/NaturalVoices/data/MSP-PODCAST_1330/wav/MSP-PODCAST_1330_1006.wav,/data/waris/code/TVTSynCtrl/outputs/direct_mlp_audio_paper/20260625_024217/direct_mlp_hnr_fixed_paper/audio/0230_NaturalVoices__MSP_PODCAST_1330__MSP_PODCAST_1330_1006_pitch_-2.00.wav,audio/pitch/young_20s_female/pitch_m2p0.wav,0.9016299843788148
pitch,young_20s,female,20s F,NaturalVoices::MSP-PODCAST_1330::MSP-PODCAST_1330_1006,-1.0,/data/waris/data/NaturalVoices/data/MSP-PODCAST_1330/wav/MSP-PODCAST_1330_1006.wav,/data/waris/code/TVTSynCtrl/outputs/direct_mlp_audio_paper/20260625_024217/direct_mlp_hnr_fixed_paper/audio/0230_NaturalVoices__MSP_PODCAST_1330__MSP_PODCAST_1330_1006_pitch_-1.00.wav,audio/pitch/young_20s_female/pitch_m1p0.wav,0.7254865169525146
pitch,young_20s,female,20s F,NaturalVoices::MSP-PODCAST_1330::MSP-PODCAST_1330_1006,0.0,/data/waris/data/NaturalVoices/data/MSP-PODCAST_1330/wav/MSP-PODCAST_1330_1006.wav,/data/waris/code/TVTSynCtrl/outputs/direct_mlp_audio_paper/20260625_024217/direct_mlp_hnr_fixed_paper/audio/0230_NaturalVoices__MSP_PODCAST_1330__MSP_PODCAST_1330_1006_pitch_+0.00.wav,audio/pitch/young_20s_female/pitch_p0p0.wav,0.9999215006828308
pitch,young_20s,female,20s F,NaturalVoices::MSP-PODCAST_1330::MSP-PODCAST_1330_1006,1.0,/data/waris/data/NaturalVoices/data/MSP-PODCAST_1330/wav/MSP-PODCAST_1330_1006.wav,/data/waris/code/TVTSynCtrl/outputs/direct_mlp_audio_paper/20260625_024217/direct_mlp_hnr_fixed_paper/audio/0230_NaturalVoices__MSP_PODCAST_1330__MSP_PODCAST_1330_1006_pitch_+1.00.wav,audio/pitch/young_20s_female/pitch_p1p0.wav,0.7224719524383545
pitch,young_20s,female,20s F,NaturalVoices::MSP-PODCAST_1330::MSP-PODCAST_1330_1006,2.0,/data/waris/data/NaturalVoices/data/MSP-PODCAST_1330/wav/MSP-PODCAST_1330_1006.wav,/data/waris/code/TVTSynCtrl/outputs/direct_mlp_audio_paper/20260625_024217/direct_mlp_hnr_fixed_paper/audio/0230_NaturalVoices__MSP_PODCAST_1330__MSP_PODCAST_1330_1006_pitch_+2.00.wav,audio/pitch/young_20s_female/pitch_p2p0.wav,0.7849339842796326
pitch,mid_40s,male,40s M,AESRC::British_G10805::G10805S1223,-2.0,/data/waris/data/AESRC/data/British_G10805/wav/G10805S1223.wav,/data/waris/code/TVTSynCtrl/outputs/direct_mlp_audio_paper/20260625_024217/direct_mlp_hnr_fixed_paper/audio/0052_AESRC__British_G10805__G10805S1223_pitch_-2.00.wav,audio/pitch/mid_40s_male/pitch_m2p0.wav,0.8961173295974731
pitch,mid_40s,male,40s M,AESRC::British_G10805::G10805S1223,-1.0,/data/waris/data/AESRC/data/British_G10805/wav/G10805S1223.wav,/data/waris/code/TVTSynCtrl/outputs/direct_mlp_audio_paper/20260625_024217/direct_mlp_hnr_fixed_paper/audio/0052_AESRC__British_G10805__G10805S1223_pitch_-1.00.wav,audio/pitch/mid_40s_male/pitch_m1p0.wav,0.7750036120414734
pitch,mid_40s,male,40s M,AESRC::British_G10805::G10805S1223,0.0,/data/waris/data/AESRC/data/British_G10805/wav/G10805S1223.wav,/data/waris/code/TVTSynCtrl/outputs/direct_mlp_audio_paper/20260625_024217/direct_mlp_hnr_fixed_paper/audio/0052_AESRC__British_G10805__G10805S1223_pitch_+0.00.wav,audio/pitch/mid_40s_male/pitch_p0p0.wav,0.9998974800109864
pitch,mid_40s,male,40s M,AESRC::British_G10805::G10805S1223,1.0,/data/waris/data/AESRC/data/British_G10805/wav/G10805S1223.wav,/data/waris/code/TVTSynCtrl/outputs/direct_mlp_audio_paper/20260625_024217/direct_mlp_hnr_fixed_paper/audio/0052_AESRC__British_G10805__G10805S1223_pitch_+1.00.wav,audio/pitch/mid_40s_male/pitch_p1p0.wav,0.6858093738555908
pitch,mid_40s,male,40s M,AESRC::British_G10805::G10805S1223,2.0,/data/waris/data/AESRC/data/British_G10805/wav/G10805S1223.wav,/data/waris/code/TVTSynCtrl/outputs/direct_mlp_audio_paper/20260625_024217/direct_mlp_hnr_fixed_paper/audio/0052_AESRC__British_G10805__G10805S1223_pitch_+2.00.wav,audio/pitch/mid_40s_male/pitch_p2p0.wav,0.7559834122657776
pitch,mid_40s,female,40s F,NaturalVoices::MSP-PODCAST_4508::MSP-PODCAST_4508_154,-2.0,/data/waris/data/NaturalVoices/data/MSP-PODCAST_4508/wav/MSP-PODCAST_4508_154.wav,/data/waris/code/TVTSynCtrl/outputs/direct_mlp_audio_paper/20260625_024217/direct_mlp_hnr_fixed_paper/audio/0035_NaturalVoices__MSP_PODCAST_4508__MSP_PODCAST_4508_154_pitch_-2.00.wav,audio/pitch/mid_40s_female/pitch_m2p0.wav,0.8661696910858154
pitch,mid_40s,female,40s F,NaturalVoices::MSP-PODCAST_4508::MSP-PODCAST_4508_154,-1.0,/data/waris/data/NaturalVoices/data/MSP-PODCAST_4508/wav/MSP-PODCAST_4508_154.wav,/data/waris/code/TVTSynCtrl/outputs/direct_mlp_audio_paper/20260625_024217/direct_mlp_hnr_fixed_paper/audio/0035_NaturalVoices__MSP_PODCAST_4508__MSP_PODCAST_4508_154_pitch_-1.00.wav,audio/pitch/mid_40s_female/pitch_m1p0.wav,0.7714378833770752
pitch,mid_40s,female,40s F,NaturalVoices::MSP-PODCAST_4508::MSP-PODCAST_4508_154,0.0,/data/waris/data/NaturalVoices/data/MSP-PODCAST_4508/wav/MSP-PODCAST_4508_154.wav,/data/waris/code/TVTSynCtrl/outputs/direct_mlp_audio_paper/20260625_024217/direct_mlp_hnr_fixed_paper/audio/0035_NaturalVoices__MSP_PODCAST_4508__MSP_PODCAST_4508_154_pitch_+0.00.wav,audio/pitch/mid_40s_female/pitch_p0p0.wav,0.999889612197876
pitch,mid_40s,female,40s F,NaturalVoices::MSP-PODCAST_4508::MSP-PODCAST_4508_154,1.0,/data/waris/data/NaturalVoices/data/MSP-PODCAST_4508/wav/MSP-PODCAST_4508_154.wav,/data/waris/code/TVTSynCtrl/outputs/direct_mlp_audio_paper/20260625_024217/direct_mlp_hnr_fixed_paper/audio/0035_NaturalVoices__MSP_PODCAST_4508__MSP_PODCAST_4508_154_pitch_+1.00.wav,audio/pitch/mid_40s_female/pitch_p1p0.wav,0.7827388048171997
pitch,mid_40s,female,40s F,NaturalVoices::MSP-PODCAST_4508::MSP-PODCAST_4508_154,2.0,/data/waris/data/NaturalVoices/data/MSP-PODCAST_4508/wav/MSP-PODCAST_4508_154.wav,/data/waris/code/TVTSynCtrl/outputs/direct_mlp_audio_paper/20260625_024217/direct_mlp_hnr_fixed_paper/audio/0035_NaturalVoices__MSP_PODCAST_4508__MSP_PODCAST_4508_154_pitch_+2.00.wav,audio/pitch/mid_40s_female/pitch_p2p0.wav,0.8545182347297668
pitch,senior_60s,male,60s M,NaturalVoices::MSP-PODCAST_6922::MSP-PODCAST_6922_77,-2.0,/data/waris/data/NaturalVoices/data/MSP-PODCAST_6922/wav/MSP-PODCAST_6922_77.wav,/data/waris/code/TVTSynCtrl/outputs/direct_mlp_audio_paper/20260625_024217/direct_mlp_hnr_fixed_paper/audio/0189_NaturalVoices__MSP_PODCAST_6922__MSP_PODCAST_6922_77_pitch_-2.00.wav,audio/pitch/senior_60s_male/pitch_m2p0.wav,0.8824207186698914
pitch,senior_60s,male,60s M,NaturalVoices::MSP-PODCAST_6922::MSP-PODCAST_6922_77,-1.0,/data/waris/data/NaturalVoices/data/MSP-PODCAST_6922/wav/MSP-PODCAST_6922_77.wav,/data/waris/code/TVTSynCtrl/outputs/direct_mlp_audio_paper/20260625_024217/direct_mlp_hnr_fixed_paper/audio/0189_NaturalVoices__MSP_PODCAST_6922__MSP_PODCAST_6922_77_pitch_-1.00.wav,audio/pitch/senior_60s_male/pitch_m1p0.wav,0.7962765693664551
pitch,senior_60s,male,60s M,NaturalVoices::MSP-PODCAST_6922::MSP-PODCAST_6922_77,0.0,/data/waris/data/NaturalVoices/data/MSP-PODCAST_6922/wav/MSP-PODCAST_6922_77.wav,/data/waris/code/TVTSynCtrl/outputs/direct_mlp_audio_paper/20260625_024217/direct_mlp_hnr_fixed_paper/audio/0189_NaturalVoices__MSP_PODCAST_6922__MSP_PODCAST_6922_77_pitch_+0.00.wav,audio/pitch/senior_60s_male/pitch_p0p0.wav,0.9993882775306702
pitch,senior_60s,male,60s M,NaturalVoices::MSP-PODCAST_6922::MSP-PODCAST_6922_77,1.0,/data/waris/data/NaturalVoices/data/MSP-PODCAST_6922/wav/MSP-PODCAST_6922_77.wav,/data/waris/code/TVTSynCtrl/outputs/direct_mlp_audio_paper/20260625_024217/direct_mlp_hnr_fixed_paper/audio/0189_NaturalVoices__MSP_PODCAST_6922__MSP_PODCAST_6922_77_pitch_+1.00.wav,audio/pitch/senior_60s_male/pitch_p1p0.wav,0.7725604176521301
pitch,senior_60s,male,60s M,NaturalVoices::MSP-PODCAST_6922::MSP-PODCAST_6922_77,2.0,/data/waris/data/NaturalVoices/data/MSP-PODCAST_6922/wav/MSP-PODCAST_6922_77.wav,/data/waris/code/TVTSynCtrl/outputs/direct_mlp_audio_paper/20260625_024217/direct_mlp_hnr_fixed_paper/audio/0189_NaturalVoices__MSP_PODCAST_6922__MSP_PODCAST_6922_77_pitch_+2.00.wav,audio/pitch/senior_60s_male/pitch_p2p0.wav,0.824657678604126
pitch,senior_60s,female,60s F,NaturalVoices::MSP-PODCAST_6007::MSP-PODCAST_6007_232,-2.0,/data/waris/data/NaturalVoices/data/MSP-PODCAST_6007/wav/MSP-PODCAST_6007_232.wav,/data/waris/code/TVTSynCtrl/outputs/direct_mlp_audio_paper/20260625_024217/direct_mlp_hnr_fixed_paper/audio/0137_NaturalVoices__MSP_PODCAST_6007__MSP_PODCAST_6007_232_pitch_-2.00.wav,audio/pitch/senior_60s_female/pitch_m2p0.wav,0.9054033756256104
pitch,senior_60s,female,60s F,NaturalVoices::MSP-PODCAST_6007::MSP-PODCAST_6007_232,-1.0,/data/waris/data/NaturalVoices/data/MSP-PODCAST_6007/wav/MSP-PODCAST_6007_232.wav,/data/waris/code/TVTSynCtrl/outputs/direct_mlp_audio_paper/20260625_024217/direct_mlp_hnr_fixed_paper/audio/0137_NaturalVoices__MSP_PODCAST_6007__MSP_PODCAST_6007_232_pitch_-1.00.wav,audio/pitch/senior_60s_female/pitch_m1p0.wav,0.75138920545578
pitch,senior_60s,female,60s F,NaturalVoices::MSP-PODCAST_6007::MSP-PODCAST_6007_232,0.0,/data/waris/data/NaturalVoices/data/MSP-PODCAST_6007/wav/MSP-PODCAST_6007_232.wav,/data/waris/code/TVTSynCtrl/outputs/direct_mlp_audio_paper/20260625_024217/direct_mlp_hnr_fixed_paper/audio/0137_NaturalVoices__MSP_PODCAST_6007__MSP_PODCAST_6007_232_pitch_+0.00.wav,audio/pitch/senior_60s_female/pitch_p0p0.wav,0.9999364018440248
pitch,senior_60s,female,60s F,NaturalVoices::MSP-PODCAST_6007::MSP-PODCAST_6007_232,1.0,/data/waris/data/NaturalVoices/data/MSP-PODCAST_6007/wav/MSP-PODCAST_6007_232.wav,/data/waris/code/TVTSynCtrl/outputs/direct_mlp_audio_paper/20260625_024217/direct_mlp_hnr_fixed_paper/audio/0137_NaturalVoices__MSP_PODCAST_6007__MSP_PODCAST_6007_232_pitch_+1.00.wav,audio/pitch/senior_60s_female/pitch_p1p0.wav,0.7573198676109314
pitch,senior_60s,female,60s F,NaturalVoices::MSP-PODCAST_6007::MSP-PODCAST_6007_232,2.0,/data/waris/data/NaturalVoices/data/MSP-PODCAST_6007/wav/MSP-PODCAST_6007_232.wav,/data/waris/code/TVTSynCtrl/outputs/direct_mlp_audio_paper/20260625_024217/direct_mlp_hnr_fixed_paper/audio/0137_NaturalVoices__MSP_PODCAST_6007__MSP_PODCAST_6007_232_pitch_+2.00.wav,audio/pitch/senior_60s_female/pitch_p2p0.wav,0.8303768634796143
voice_quality_hnr,young_20s,male,20s M,VoxCeleb1::train::id10810::PEgPMe2yjqo::00003,-2.0,/data/waris/data/Voxceleb/voxceleb1/train/wav/id10810/PEgPMe2yjqo/00003.wav,/data/waris/code/TVTSynCtrl/outputs/direct_mlp_audio_paper/20260625_024217/direct_mlp_hnr_fixed_paper/audio/0295_VoxCeleb1__train__id10810__PEgPMe2yjqo__00003_voice_quality_hnr_-2.00.wav,audio/voice_quality_hnr/young_20s_male/voice_quality_hnr_m2p0.wav,0.8766671419143677
voice_quality_hnr,young_20s,male,20s M,VoxCeleb1::train::id10810::PEgPMe2yjqo::00003,-1.0,/data/waris/data/Voxceleb/voxceleb1/train/wav/id10810/PEgPMe2yjqo/00003.wav,/data/waris/code/TVTSynCtrl/outputs/direct_mlp_audio_paper/20260625_024217/direct_mlp_hnr_fixed_paper/audio/0295_VoxCeleb1__train__id10810__PEgPMe2yjqo__00003_voice_quality_hnr_-1.00.wav,audio/voice_quality_hnr/young_20s_male/voice_quality_hnr_m1p0.wav,0.8241729140281677
voice_quality_hnr,young_20s,male,20s M,VoxCeleb1::train::id10810::PEgPMe2yjqo::00003,0.0,/data/waris/data/Voxceleb/voxceleb1/train/wav/id10810/PEgPMe2yjqo/00003.wav,/data/waris/code/TVTSynCtrl/outputs/direct_mlp_audio_paper/20260625_024217/direct_mlp_hnr_fixed_paper/audio/0295_VoxCeleb1__train__id10810__PEgPMe2yjqo__00003_voice_quality_hnr_+0.00.wav,audio/voice_quality_hnr/young_20s_male/voice_quality_hnr_p0p0.wav,0.999925971031189
voice_quality_hnr,young_20s,male,20s M,VoxCeleb1::train::id10810::PEgPMe2yjqo::00003,1.0,/data/waris/data/Voxceleb/voxceleb1/train/wav/id10810/PEgPMe2yjqo/00003.wav,/data/waris/code/TVTSynCtrl/outputs/direct_mlp_audio_paper/20260625_024217/direct_mlp_hnr_fixed_paper/audio/0295_VoxCeleb1__train__id10810__PEgPMe2yjqo__00003_voice_quality_hnr_+1.00.wav,audio/voice_quality_hnr/young_20s_male/voice_quality_hnr_p1p0.wav,0.7421740293502808
voice_quality_hnr,young_20s,male,20s M,VoxCeleb1::train::id10810::PEgPMe2yjqo::00003,2.0,/data/waris/data/Voxceleb/voxceleb1/train/wav/id10810/PEgPMe2yjqo/00003.wav,/data/waris/code/TVTSynCtrl/outputs/direct_mlp_audio_paper/20260625_024217/direct_mlp_hnr_fixed_paper/audio/0295_VoxCeleb1__train__id10810__PEgPMe2yjqo__00003_voice_quality_hnr_+2.00.wav,audio/voice_quality_hnr/young_20s_male/voice_quality_hnr_p2p0.wav,0.8159446120262146
voice_quality_hnr,young_20s,female,20s F,VoxCeleb1::train::id10073::uQEWZAL6rXg::00003,-2.0,/data/waris/data/Voxceleb/voxceleb1/train/wav/id10073/uQEWZAL6rXg/00003.wav,/data/waris/code/TVTSynCtrl/outputs/direct_mlp_audio_paper/20260625_024217/direct_mlp_hnr_fixed_paper/audio/0241_VoxCeleb1__train__id10073__uQEWZAL6rXg__00003_voice_quality_hnr_-2.00.wav,audio/voice_quality_hnr/young_20s_female/voice_quality_hnr_m2p0.wav,0.8420414924621582
voice_quality_hnr,young_20s,female,20s F,VoxCeleb1::train::id10073::uQEWZAL6rXg::00003,-1.0,/data/waris/data/Voxceleb/voxceleb1/train/wav/id10073/uQEWZAL6rXg/00003.wav,/data/waris/code/TVTSynCtrl/outputs/direct_mlp_audio_paper/20260625_024217/direct_mlp_hnr_fixed_paper/audio/0241_VoxCeleb1__train__id10073__uQEWZAL6rXg__00003_voice_quality_hnr_-1.00.wav,audio/voice_quality_hnr/young_20s_female/voice_quality_hnr_m1p0.wav,0.7656519412994385
voice_quality_hnr,young_20s,female,20s F,VoxCeleb1::train::id10073::uQEWZAL6rXg::00003,0.0,/data/waris/data/Voxceleb/voxceleb1/train/wav/id10073/uQEWZAL6rXg/00003.wav,/data/waris/code/TVTSynCtrl/outputs/direct_mlp_audio_paper/20260625_024217/direct_mlp_hnr_fixed_paper/audio/0241_VoxCeleb1__train__id10073__uQEWZAL6rXg__00003_voice_quality_hnr_+0.00.wav,audio/voice_quality_hnr/young_20s_female/voice_quality_hnr_p0p0.wav,0.9999407529830932
voice_quality_hnr,young_20s,female,20s F,VoxCeleb1::train::id10073::uQEWZAL6rXg::00003,1.0,/data/waris/data/Voxceleb/voxceleb1/train/wav/id10073/uQEWZAL6rXg/00003.wav,/data/waris/code/TVTSynCtrl/outputs/direct_mlp_audio_paper/20260625_024217/direct_mlp_hnr_fixed_paper/audio/0241_VoxCeleb1__train__id10073__uQEWZAL6rXg__00003_voice_quality_hnr_+1.00.wav,audio/voice_quality_hnr/young_20s_female/voice_quality_hnr_p1p0.wav,0.720333456993103
voice_quality_hnr,young_20s,female,20s F,VoxCeleb1::train::id10073::uQEWZAL6rXg::00003,2.0,/data/waris/data/Voxceleb/voxceleb1/train/wav/id10073/uQEWZAL6rXg/00003.wav,/data/waris/code/TVTSynCtrl/outputs/direct_mlp_audio_paper/20260625_024217/direct_mlp_hnr_fixed_paper/audio/0241_VoxCeleb1__train__id10073__uQEWZAL6rXg__00003_voice_quality_hnr_+2.00.wav,audio/voice_quality_hnr/young_20s_female/voice_quality_hnr_p2p0.wav,0.8217192888259888
voice_quality_hnr,mid_40s,male,40s M,NaturalVoices::MSP-PODCAST_2057::MSP-PODCAST_2057_10,-2.0,/data/waris/data/NaturalVoices/data/MSP-PODCAST_2057/wav/MSP-PODCAST_2057_10.wav,/data/waris/code/TVTSynCtrl/outputs/direct_mlp_audio_paper/20260625_024217/direct_mlp_hnr_fixed_paper/audio/0084_NaturalVoices__MSP_PODCAST_2057__MSP_PODCAST_2057_10_voice_quality_hnr_-2.00.wav,audio/voice_quality_hnr/mid_40s_male/voice_quality_hnr_m2p0.wav,0.8644495606422424
voice_quality_hnr,mid_40s,male,40s M,NaturalVoices::MSP-PODCAST_2057::MSP-PODCAST_2057_10,-1.0,/data/waris/data/NaturalVoices/data/MSP-PODCAST_2057/wav/MSP-PODCAST_2057_10.wav,/data/waris/code/TVTSynCtrl/outputs/direct_mlp_audio_paper/20260625_024217/direct_mlp_hnr_fixed_paper/audio/0084_NaturalVoices__MSP_PODCAST_2057__MSP_PODCAST_2057_10_voice_quality_hnr_-1.00.wav,audio/voice_quality_hnr/mid_40s_male/voice_quality_hnr_m1p0.wav,0.8502090573310852
voice_quality_hnr,mid_40s,male,40s M,NaturalVoices::MSP-PODCAST_2057::MSP-PODCAST_2057_10,0.0,/data/waris/data/NaturalVoices/data/MSP-PODCAST_2057/wav/MSP-PODCAST_2057_10.wav,/data/waris/code/TVTSynCtrl/outputs/direct_mlp_audio_paper/20260625_024217/direct_mlp_hnr_fixed_paper/audio/0084_NaturalVoices__MSP_PODCAST_2057__MSP_PODCAST_2057_10_voice_quality_hnr_+0.00.wav,audio/voice_quality_hnr/mid_40s_male/voice_quality_hnr_p0p0.wav,0.9999212026596068
voice_quality_hnr,mid_40s,male,40s M,NaturalVoices::MSP-PODCAST_2057::MSP-PODCAST_2057_10,1.0,/data/waris/data/NaturalVoices/data/MSP-PODCAST_2057/wav/MSP-PODCAST_2057_10.wav,/data/waris/code/TVTSynCtrl/outputs/direct_mlp_audio_paper/20260625_024217/direct_mlp_hnr_fixed_paper/audio/0084_NaturalVoices__MSP_PODCAST_2057__MSP_PODCAST_2057_10_voice_quality_hnr_+1.00.wav,audio/voice_quality_hnr/mid_40s_male/voice_quality_hnr_p1p0.wav,0.7451448440551758
voice_quality_hnr,mid_40s,male,40s M,NaturalVoices::MSP-PODCAST_2057::MSP-PODCAST_2057_10,2.0,/data/waris/data/NaturalVoices/data/MSP-PODCAST_2057/wav/MSP-PODCAST_2057_10.wav,/data/waris/code/TVTSynCtrl/outputs/direct_mlp_audio_paper/20260625_024217/direct_mlp_hnr_fixed_paper/audio/0084_NaturalVoices__MSP_PODCAST_2057__MSP_PODCAST_2057_10_voice_quality_hnr_+2.00.wav,audio/voice_quality_hnr/mid_40s_male/voice_quality_hnr_p2p0.wav,0.6612851619720459
voice_quality_hnr,mid_40s,female,40s F,VoxCeleb1::train::id10032::AVCdDfeeYuY::00003,-2.0,/data/waris/data/Voxceleb/voxceleb1/train/wav/id10032/AVCdDfeeYuY/00003.wav,/data/waris/code/TVTSynCtrl/outputs/direct_mlp_audio_paper/20260625_024217/direct_mlp_hnr_fixed_paper/audio/0040_VoxCeleb1__train__id10032__AVCdDfeeYuY__00003_voice_quality_hnr_-2.00.wav,audio/voice_quality_hnr/mid_40s_female/voice_quality_hnr_m2p0.wav,0.8735774755477905
voice_quality_hnr,mid_40s,female,40s F,VoxCeleb1::train::id10032::AVCdDfeeYuY::00003,-1.0,/data/waris/data/Voxceleb/voxceleb1/train/wav/id10032/AVCdDfeeYuY/00003.wav,/data/waris/code/TVTSynCtrl/outputs/direct_mlp_audio_paper/20260625_024217/direct_mlp_hnr_fixed_paper/audio/0040_VoxCeleb1__train__id10032__AVCdDfeeYuY__00003_voice_quality_hnr_-1.00.wav,audio/voice_quality_hnr/mid_40s_female/voice_quality_hnr_m1p0.wav,0.8498057723045349
voice_quality_hnr,mid_40s,female,40s F,VoxCeleb1::train::id10032::AVCdDfeeYuY::00003,0.0,/data/waris/data/Voxceleb/voxceleb1/train/wav/id10032/AVCdDfeeYuY/00003.wav,/data/waris/code/TVTSynCtrl/outputs/direct_mlp_audio_paper/20260625_024217/direct_mlp_hnr_fixed_paper/audio/0040_VoxCeleb1__train__id10032__AVCdDfeeYuY__00003_voice_quality_hnr_+0.00.wav,audio/voice_quality_hnr/mid_40s_female/voice_quality_hnr_p0p0.wav,0.9998959302902222
voice_quality_hnr,mid_40s,female,40s F,VoxCeleb1::train::id10032::AVCdDfeeYuY::00003,1.0,/data/waris/data/Voxceleb/voxceleb1/train/wav/id10032/AVCdDfeeYuY/00003.wav,/data/waris/code/TVTSynCtrl/outputs/direct_mlp_audio_paper/20260625_024217/direct_mlp_hnr_fixed_paper/audio/0040_VoxCeleb1__train__id10032__AVCdDfeeYuY__00003_voice_quality_hnr_+1.00.wav,audio/voice_quality_hnr/mid_40s_female/voice_quality_hnr_p1p0.wav,0.7158822417259216
voice_quality_hnr,mid_40s,female,40s F,VoxCeleb1::train::id10032::AVCdDfeeYuY::00003,2.0,/data/waris/data/Voxceleb/voxceleb1/train/wav/id10032/AVCdDfeeYuY/00003.wav,/data/waris/code/TVTSynCtrl/outputs/direct_mlp_audio_paper/20260625_024217/direct_mlp_hnr_fixed_paper/audio/0040_VoxCeleb1__train__id10032__AVCdDfeeYuY__00003_voice_quality_hnr_+2.00.wav,audio/voice_quality_hnr/mid_40s_female/voice_quality_hnr_p2p0.wav,0.6846655607223511
voice_quality_hnr,senior_60s,male,60s M,NaturalVoices::MSP-PODCAST_6922::MSP-PODCAST_6922_77,-2.0,/data/waris/data/NaturalVoices/data/MSP-PODCAST_6922/wav/MSP-PODCAST_6922_77.wav,/data/waris/code/TVTSynCtrl/outputs/direct_mlp_audio_paper/20260625_024217/direct_mlp_hnr_fixed_paper/audio/0189_NaturalVoices__MSP_PODCAST_6922__MSP_PODCAST_6922_77_voice_quality_hnr_-2.00.wav,audio/voice_quality_hnr/senior_60s_male/voice_quality_hnr_m2p0.wav,0.8939685225486755
voice_quality_hnr,senior_60s,male,60s M,NaturalVoices::MSP-PODCAST_6922::MSP-PODCAST_6922_77,-1.0,/data/waris/data/NaturalVoices/data/MSP-PODCAST_6922/wav/MSP-PODCAST_6922_77.wav,/data/waris/code/TVTSynCtrl/outputs/direct_mlp_audio_paper/20260625_024217/direct_mlp_hnr_fixed_paper/audio/0189_NaturalVoices__MSP_PODCAST_6922__MSP_PODCAST_6922_77_voice_quality_hnr_-1.00.wav,audio/voice_quality_hnr/senior_60s_male/voice_quality_hnr_m1p0.wav,0.8955850601196289
voice_quality_hnr,senior_60s,male,60s M,NaturalVoices::MSP-PODCAST_6922::MSP-PODCAST_6922_77,0.0,/data/waris/data/NaturalVoices/data/MSP-PODCAST_6922/wav/MSP-PODCAST_6922_77.wav,/data/waris/code/TVTSynCtrl/outputs/direct_mlp_audio_paper/20260625_024217/direct_mlp_hnr_fixed_paper/audio/0189_NaturalVoices__MSP_PODCAST_6922__MSP_PODCAST_6922_77_voice_quality_hnr_+0.00.wav,audio/voice_quality_hnr/senior_60s_male/voice_quality_hnr_p0p0.wav,0.9993882775306702
voice_quality_hnr,senior_60s,male,60s M,NaturalVoices::MSP-PODCAST_6922::MSP-PODCAST_6922_77,1.0,/data/waris/data/NaturalVoices/data/MSP-PODCAST_6922/wav/MSP-PODCAST_6922_77.wav,/data/waris/code/TVTSynCtrl/outputs/direct_mlp_audio_paper/20260625_024217/direct_mlp_hnr_fixed_paper/audio/0189_NaturalVoices__MSP_PODCAST_6922__MSP_PODCAST_6922_77_voice_quality_hnr_+1.00.wav,audio/voice_quality_hnr/senior_60s_male/voice_quality_hnr_p1p0.wav,0.7633590698242188
voice_quality_hnr,senior_60s,male,60s M,NaturalVoices::MSP-PODCAST_6922::MSP-PODCAST_6922_77,2.0,/data/waris/data/NaturalVoices/data/MSP-PODCAST_6922/wav/MSP-PODCAST_6922_77.wav,/data/waris/code/TVTSynCtrl/outputs/direct_mlp_audio_paper/20260625_024217/direct_mlp_hnr_fixed_paper/audio/0189_NaturalVoices__MSP_PODCAST_6922__MSP_PODCAST_6922_77_voice_quality_hnr_+2.00.wav,audio/voice_quality_hnr/senior_60s_male/voice_quality_hnr_p2p0.wav,0.6842982769012451
voice_quality_hnr,senior_60s,female,60s F,LibriTTS::6206::6206_14958_000023_000000,-2.0,/data/waris/data/streamVC_data/data/6206/wav/6206_14958_000023_000000.wav,/data/waris/code/TVTSynCtrl/outputs/direct_mlp_audio_paper/20260625_024217/direct_mlp_hnr_fixed_paper/audio/0122_LibriTTS__6206__6206_14958_000023_000000_voice_quality_hnr_-2.00.wav,audio/voice_quality_hnr/senior_60s_female/voice_quality_hnr_m2p0.wav,0.8431799411773682
voice_quality_hnr,senior_60s,female,60s F,LibriTTS::6206::6206_14958_000023_000000,-1.0,/data/waris/data/streamVC_data/data/6206/wav/6206_14958_000023_000000.wav,/data/waris/code/TVTSynCtrl/outputs/direct_mlp_audio_paper/20260625_024217/direct_mlp_hnr_fixed_paper/audio/0122_LibriTTS__6206__6206_14958_000023_000000_voice_quality_hnr_-1.00.wav,audio/voice_quality_hnr/senior_60s_female/voice_quality_hnr_m1p0.wav,0.7979511022567749
voice_quality_hnr,senior_60s,female,60s F,LibriTTS::6206::6206_14958_000023_000000,0.0,/data/waris/data/streamVC_data/data/6206/wav/6206_14958_000023_000000.wav,/data/waris/code/TVTSynCtrl/outputs/direct_mlp_audio_paper/20260625_024217/direct_mlp_hnr_fixed_paper/audio/0122_LibriTTS__6206__6206_14958_000023_000000_voice_quality_hnr_+0.00.wav,audio/voice_quality_hnr/senior_60s_female/voice_quality_hnr_p0p0.wav,0.9999375343322754
voice_quality_hnr,senior_60s,female,60s F,LibriTTS::6206::6206_14958_000023_000000,1.0,/data/waris/data/streamVC_data/data/6206/wav/6206_14958_000023_000000.wav,/data/waris/code/TVTSynCtrl/outputs/direct_mlp_audio_paper/20260625_024217/direct_mlp_hnr_fixed_paper/audio/0122_LibriTTS__6206__6206_14958_000023_000000_voice_quality_hnr_+1.00.wav,audio/voice_quality_hnr/senior_60s_female/voice_quality_hnr_p1p0.wav,0.9121679067611694
voice_quality_hnr,senior_60s,female,60s F,LibriTTS::6206::6206_14958_000023_000000,2.0,/data/waris/data/streamVC_data/data/6206/wav/6206_14958_000023_000000.wav,/data/waris/code/TVTSynCtrl/outputs/direct_mlp_audio_paper/20260625_024217/direct_mlp_hnr_fixed_paper/audio/0122_LibriTTS__6206__6206_14958_000023_000000_voice_quality_hnr_+2.00.wav,audio/voice_quality_hnr/senior_60s_female/voice_quality_hnr_p2p0.wav,0.9424404501914978
